image_path,label,is_ref
data/epillid/dataset/classification_data/segmented_nih_pills_224/68788-9993_0_0.jpg,68788-9993,False
data/epillid/dataset/classification_data/segmented_nih_pills_224/63187-313_0_0.jpg,63187-313,False
data/epillid/dataset/classification_data/segmented_nih_pills_224/68180-216_0_1.jpg,68180-216,False
data/epillid/dataset/classification_data/segmented_nih_pills_224/10544-545_0_0.jpg,10544-545,False
data/epillid/dataset/classification_data/segmented_nih_pills_224/0078-0560_0_0.jpg,0078-0560,False
data/epillid/dataset/classification_data/segmented_nih_pills_224/60505-2655_0_0.jpg,60505-2655,False
data/epillid/dataset/classification_data/segmented_nih_pills_224/49349-353_0_1.jpg,49349-353,False
data/epillid/dataset/classification_data/segmented_nih_pills_224/61919-505_0_0.jpg,61919-505,False
data/epillid/dataset/classification_data/segmented_nih_pills_224/60687-139_0_1.jpg,60687-139,False
data/epillid/dataset/classification_data/segmented_nih_pills_224/62756-183_0_0.jpg,62756-183,False
data/epillid/dataset/classification_data/segmented_nih_pills_224/67046-268_0_1.jpg,67046-268,False
data/epillid/dataset/classification_data/segmented_nih_pills_224/33261-535_0_1.jpg,33261-535,False
data/epillid/dataset/classification_data/segmented_nih_pills_224/43547-349_0_0.jpg,43547-349,False
data/epillid/dataset/classification_data/segmented_nih_pills_224/68084-276_0_1.jpg,68084-276,False
data/epillid/dataset/classification_data/segmented_nih_pills_224/21695-029_0_1.jpg,21695-029,False
data/epillid/dataset/classification_data/segmented_nih_pills_224/0615-7528_0_1.jpg,0615-7528,False
data/epillid/dataset/classification_data/segmented_nih_pills_224/63629-1502_0_0.jpg,63629-1502,False
data/epillid/dataset/classification_data/segmented_nih_pills_224/55289-460_0_1.jpg,55289-460,False
data/epillid/dataset/classification_data/segmented_nih_pills_224/0093-0688_0_1.jpg,0093-0688,False
data/epillid/dataset/classification_data/segmented_nih_pills_224/63629-3362_0_0.jpg,63629-3362,False
data/epillid/dataset/classification_data/segmented_nih_pills_224/50436-0874_0_0.jpg,50436-0874,False
data/epillid/dataset/classification_data/segmented_nih_pills_224/54868-6019_0_0.jpg,54868-6019,False
data/epillid/dataset/classification_data/segmented_nih_pills_224/51672-4044_0_0.jpg,51672-4044,False
data/epillid/dataset/classification_data/segmented_nih_pills_224/54868-2335_0_0.jpg,54868-2335,False
data/epillid/dataset/classification_data/segmented_nih_pills_224/35356-763_0_0.jpg,35356-763,False
data/epillid/dataset/classification_data/segmented_nih_pills_224/17478-742_0_0.jpg,17478-742,False
data/epillid/dataset/classification_data/segmented_nih_pills_224/76413-110_0_0.jpg,76413-110,False
data/epillid/dataset/classification_data/segmented_nih_pills_224/61269-210_0_0.jpg,61269-210,False
data/epillid/dataset/classification_data/segmented_nih_pills_224/62037-833_0_1.jpg,62037-833,False
data/epillid/dataset/classification_data/segmented_nih_pills_224/54868-6185_0_1.jpg,54868-6185,False
data/epillid/dataset/classification_data/segmented_nih_pills_224/33342-032_0_0.jpg,33342-032,False
data/epillid/dataset/classification_data/segmented_nih_pills_224/68788-9977_0_1.jpg,68788-9977,False
data/epillid/dataset/classification_data/segmented_nih_pills_224/68788-9983_0_0.jpg,68788-9983,False
data/epillid/dataset/classification_data/segmented_nih_pills_224/21695-141_0_1.jpg,21695-141,False
data/epillid/dataset/classification_data/segmented_nih_pills_224/42292-025_0_1.jpg,42292-025,False
data/epillid/dataset/classification_data/segmented_nih_pills_224/64725-0215_0_0.jpg,64725-0215,False
data/epillid/dataset/classification_data/segmented_nih_pills_224/10544-555_0_0.jpg,10544-555,False
data/epillid/dataset/classification_data/segmented_nih_pills_224/68788-9162_0_0.jpg,68788-9162,False
data/epillid/dataset/classification_data/segmented_nih_pills_224/63629-3386_0_1.jpg,63629-3386,False
data/epillid/dataset/classification_data/segmented_nih_pills_224/0172-5311_0_1.jpg,0172-5311,False
data/epillid/dataset/classification_data/segmented_nih_pills_224/60429-698_0_0.jpg,60429-698,False
data/epillid/dataset/classification_data/segmented_nih_pills_224/0054-0221_0_0.jpg,0054-0221,False
data/epillid/dataset/classification_data/segmented_nih_pills_224/13107-156_0_0.jpg,13107-156,False
data/epillid/dataset/classification_data/segmented_nih_pills_224/35356-773_0_0.jpg,35356-773,False
data/epillid/dataset/classification_data/segmented_nih_pills_224/21695-039_0_1.jpg,21695-039,False
data/epillid/dataset/classification_data/segmented_nih_pills_224/62856-582_0_1.jpg,62856-582,False
data/epillid/dataset/classification_data/segmented_nih_pills_224/68084-266_0_1.jpg,68084-266,False
data/epillid/dataset/classification_data/segmented_nih_pills_224/66336-774_0_1.jpg,66336-774,False
data/epillid/dataset/classification_data/segmented_nih_pills_224/55289-470_0_1.jpg,55289-470,False
data/epillid/dataset/classification_data/segmented_nih_pills_224/0078-0408_0_0.jpg,0078-0408,False
data/epillid/dataset/classification_data/segmented_nih_pills_224/42291-626_0_1.jpg,42291-626,False
data/epillid/dataset/classification_data/segmented_nih_pills_224/76237-189_0_1.jpg,76237-189,False
data/epillid/dataset/classification_data/segmented_nih_pills_224/63187-546_0_0.jpg,63187-546,False
data/epillid/dataset/classification_data/segmented_nih_pills_224/67296-0586_0_1.jpg,67296-0586,False
data/epillid/dataset/classification_data/segmented_nih_pills_224/60429-151_0_1.jpg,60429-151,False
data/epillid/dataset/classification_data/segmented_nih_pills_224/49999-915_0_1.jpg,49999-915,False
data/epillid/dataset/classification_data/segmented_nih_pills_224/0378-0257_0_1.jpg,0378-0257,False
data/epillid/dataset/classification_data/segmented_nih_pills_224/61786-629_0_1.jpg,61786-629,False
data/epillid/dataset/classification_data/segmented_nih_pills_224/42254-109_0_1.jpg,42254-109,False
data/epillid/dataset/classification_data/segmented_nih_pills_224/0378-3850_0_0.jpg,0378-3850,False
data/epillid/dataset/classification_data/segmented_nih_pills_224/61919-350_0_0.jpg,61919-350,False
data/epillid/dataset/classification_data/segmented_nih_pills_224/69189-0400_0_0.jpg,69189-0400,False
data/epillid/dataset/classification_data/segmented_nih_pills_224/43063-616_0_0.jpg,43063-616,False
data/epillid/dataset/classification_data/segmented_nih_pills_224/21695-688_0_0.jpg,21695-688,False
data/epillid/dataset/classification_data/segmented_nih_pills_224/49999-100_0_0.jpg,49999-100,False
data/epillid/dataset/classification_data/segmented_nih_pills_224/51079-563_0_0.jpg,51079-563,False
data/epillid/dataset/classification_data/segmented_nih_pills_224/55111-190_0_0.jpg,55111-190,False
data/epillid/dataset/classification_data/segmented_nih_pills_224/62037-697_0_1.jpg,62037-697,False
data/epillid/dataset/classification_data/segmented_nih_pills_224/42254-071_0_1.jpg,42254-071,False
data/epillid/dataset/classification_data/segmented_nih_pills_224/61786-751_0_1.jpg,61786-751,False
data/epillid/dataset/classification_data/segmented_nih_pills_224/0093-0029_0_0.jpg,0093-0029,False
data/epillid/dataset/classification_data/segmented_nih_pills_224/68462-158_0_1.jpg,68462-158,False
data/epillid/dataset/classification_data/segmented_nih_pills_224/69189-0578_0_0.jpg,69189-0578,False
data/epillid/dataset/classification_data/segmented_nih_pills_224/49999-905_0_1.jpg,49999-905,False
data/epillid/dataset/classification_data/segmented_nih_pills_224/43063-606_0_0.jpg,43063-606,False
data/epillid/dataset/classification_data/segmented_nih_pills_224/55154-4875_0_0.jpg,55154-4875,False
data/epillid/dataset/classification_data/segmented_nih_pills_224/0228-2890_0_1.jpg,0228-2890,False
data/epillid/dataset/classification_data/segmented_nih_pills_224/69189-0410_0_0.jpg,69189-0410,False
data/epillid/dataset/classification_data/segmented_nih_pills_224/0093-5767_0_0.jpg,0093-5767,False
data/epillid/dataset/classification_data/segmented_nih_pills_224/21695-714_0_1.jpg,21695-714,False
data/epillid/dataset/classification_data/segmented_nih_pills_224/63187-556_0_0.jpg,63187-556,False
data/epillid/dataset/classification_data/segmented_nih_pills_224/55154-5412_0_1.jpg,55154-5412,False
data/epillid/dataset/classification_data/segmented_nih_pills_224/35356-933_0_1.jpg,35356-933,False
data/epillid/dataset/classification_data/segmented_nih_pills_224/10544-300_0_0.jpg,10544-300,False
data/epillid/dataset/classification_data/segmented_nih_pills_224/0904-5798_0_0.jpg,0904-5798,False
data/epillid/dataset/classification_data/segmented_nih_pills_224/0093-0039_0_0.jpg,0093-0039,False
data/epillid/dataset/classification_data/segmented_nih_pills_224/49999-889_0_0.jpg,49999-889,False
data/epillid/dataset/classification_data/segmented_nih_pills_224/50268-462_0_0.jpg,50268-462,False
data/epillid/dataset/classification_data/segmented_nih_pills_224/54868-4951_0_1.jpg,54868-4951,False
data/epillid/dataset/classification_data/segmented_nih_pills_224/61919-238_0_0.jpg,61919-238,False
data/epillid/dataset/classification_data/segmented_nih_pills_224/42254-061_0_1.jpg,42254-061,False
data/epillid/dataset/classification_data/segmented_nih_pills_224/54868-2570_0_0.jpg,54868-2570,False
data/epillid/dataset/classification_data/segmented_nih_pills_224/60429-954_0_0.jpg,60429-954,False
data/epillid/dataset/classification_data/segmented_nih_pills_224/53808-0582_0_0.jpg,53808-0582,False
data/epillid/dataset/classification_data/segmented_nih_pills_224/55111-180_0_0.jpg,55111-180,False
data/epillid/dataset/classification_data/segmented_nih_pills_224/51655-049_0_0.jpg,51655-049,False
data/epillid/dataset/classification_data/segmented_nih_pills_224/10544-278_0_0.jpg,10544-278,False
data/epillid/dataset/classification_data/segmented_nih_pills_224/54868-6452_0_0.jpg,54868-6452,False
data/epillid/dataset/classification_data/segmented_nih_pills_224/43063-584_0_1.jpg,43063-584,False
data/epillid/dataset/classification_data/segmented_nih_pills_224/64980-191_0_1.jpg,64980-191,False
data/epillid/dataset/classification_data/segmented_nih_pills_224/69189-5140_0_0.jpg,69189-5140,False
data/epillid/dataset/classification_data/segmented_nih_pills_224/61919-036_0_0.jpg,61919-036,False
data/epillid/dataset/classification_data/segmented_nih_pills_224/50268-698_0_1.jpg,50268-698,False
data/epillid/dataset/classification_data/segmented_nih_pills_224/54868-5738_0_0.jpg,54868-5738,False
data/epillid/dataset/classification_data/segmented_nih_pills_224/63629-5291_0_1.jpg,63629-5291,False
data/epillid/dataset/classification_data/segmented_nih_pills_224/64725-0736_0_0.jpg,64725-0736,False
data/epillid/dataset/classification_data/segmented_nih_pills_224/0555-9066_0_1.jpg,0555-9066,False
data/epillid/dataset/classification_data/segmented_nih_pills_224/10544-082_0_1.jpg,10544-082,False
data/epillid/dataset/classification_data/segmented_nih_pills_224/63187-620_0_0.jpg,63187-620,False
data/epillid/dataset/classification_data/segmented_nih_pills_224/0093-7271_0_0.jpg,0093-7271,False
data/epillid/dataset/classification_data/segmented_nih_pills_224/21695-496_0_0.jpg,21695-496,False
data/epillid/dataset/classification_data/segmented_nih_pills_224/50090-1536_0_1.jpg,50090-1536,False
data/epillid/dataset/classification_data/segmented_nih_pills_224/43063-408_0_0.jpg,43063-408,False
data/epillid/dataset/classification_data/segmented_nih_pills_224/50844-291_0_0.jpg,50844-291,False
data/epillid/dataset/classification_data/segmented_nih_pills_224/0615-7976_0_0.jpg,0615-7976,False
data/epillid/dataset/classification_data/segmented_nih_pills_224/0173-0562_0_1.jpg,0173-0562,False
data/epillid/dataset/classification_data/segmented_nih_pills_224/61786-437_0_1.jpg,61786-437,False
data/epillid/dataset/classification_data/segmented_nih_pills_224/50268-714_0_0.jpg,50268-714,False
data/epillid/dataset/classification_data/segmented_nih_pills_224/55289-153_0_1.jpg,55289-153,False
data/epillid/dataset/classification_data/segmented_nih_pills_224/33261-813_0_0.jpg,33261-813,False
data/epillid/dataset/classification_data/segmented_nih_pills_224/49349-718_0_1.jpg,49349-718,False
data/epillid/dataset/classification_data/segmented_nih_pills_224/12634-418_0_1.jpg,12634-418,False
data/epillid/dataset/classification_data/segmented_nih_pills_224/42291-305_0_1.jpg,42291-305,False
data/epillid/dataset/classification_data/segmented_nih_pills_224/63187-758_0_0.jpg,63187-758,False
data/epillid/dataset/classification_data/segmented_nih_pills_224/61919-823_0_1.jpg,61919-823,False
data/epillid/dataset/classification_data/segmented_nih_pills_224/0615-6511_0_1.jpg,0615-6511,False
data/epillid/dataset/classification_data/segmented_nih_pills_224/49999-292_0_1.jpg,49999-292,False
data/epillid/dataset/classification_data/segmented_nih_pills_224/54868-0066_0_0.jpg,54868-0066,False
data/epillid/dataset/classification_data/segmented_nih_pills_224/53808-0600_0_1.jpg,53808-0600,False
data/epillid/dataset/classification_data/segmented_nih_pills_224/0093-8166_0_1.jpg,0093-8166,False
data/epillid/dataset/classification_data/segmented_nih_pills_224/0093-8192_0_0.jpg,0093-8192,False
data/epillid/dataset/classification_data/segmented_nih_pills_224/0179-0065_0_1.jpg,0179-0065,False
data/epillid/dataset/classification_data/segmented_nih_pills_224/0179-0091_0_0.jpg,0179-0091,False
data/epillid/dataset/classification_data/segmented_nih_pills_224/54868-5728_0_0.jpg,54868-5728,False
data/epillid/dataset/classification_data/segmented_nih_pills_224/0781-1452_0_1.jpg,0781-1452,False
data/epillid/dataset/classification_data/segmented_nih_pills_224/63187-630_0_0.jpg,63187-630,False
data/epillid/dataset/classification_data/segmented_nih_pills_224/0093-7295_0_1.jpg,0093-7295,False
data/epillid/dataset/classification_data/segmented_nih_pills_224/21695-472_0_1.jpg,21695-472,False
data/epillid/dataset/classification_data/segmented_nih_pills_224/53808-0768_0_1.jpg,53808-0768,False
data/epillid/dataset/classification_data/segmented_nih_pills_224/43063-594_0_1.jpg,43063-594,False
data/epillid/dataset/classification_data/segmented_nih_pills_224/45865-574_0_1.jpg,45865-574,False
data/epillid/dataset/classification_data/segmented_nih_pills_224/0093-5401_0_0.jpg,0093-5401,False
data/epillid/dataset/classification_data/segmented_nih_pills_224/61919-026_0_0.jpg,61919-026,False
data/epillid/dataset/classification_data/segmented_nih_pills_224/68788-9529_0_0.jpg,68788-9529,False
data/epillid/dataset/classification_data/segmented_nih_pills_224/16590-340_0_1.jpg,16590-340,False
data/epillid/dataset/classification_data/segmented_nih_pills_224/66116-485_0_1.jpg,66116-485,False
data/epillid/dataset/classification_data/segmented_nih_pills_224/63629-3739_0_0.jpg,63629-3739,False
data/epillid/dataset/classification_data/segmented_nih_pills_224/50090-0154_0_1.jpg,50090-0154,False
data/epillid/dataset/classification_data/segmented_nih_pills_224/54868-5650_0_0.jpg,54868-5650,False
data/epillid/dataset/classification_data/segmented_nih_pills_224/42291-315_0_1.jpg,42291-315,False
data/epillid/dataset/classification_data/segmented_nih_pills_224/63187-748_0_0.jpg,63187-748,False
data/epillid/dataset/classification_data/segmented_nih_pills_224/61919-833_0_1.jpg,61919-833,False
data/epillid/dataset/classification_data/segmented_nih_pills_224/0615-7992_0_1.jpg,0615-7992,False
data/epillid/dataset/classification_data/segmented_nih_pills_224/65162-761_0_1.jpg,65162-761,False
data/epillid/dataset/classification_data/segmented_nih_pills_224/63739-269_0_0.jpg,63739-269,False
data/epillid/dataset/classification_data/segmented_nih_pills_224/60760-266_0_0.jpg,60760-266,False
data/epillid/dataset/classification_data/segmented_nih_pills_224/43353-034_0_0.jpg,43353-034,False
data/epillid/dataset/classification_data/segmented_nih_pills_224/68382-001_0_0.jpg,68382-001,False
data/epillid/dataset/classification_data/segmented_nih_pills_224/42254-307_0_1.jpg,42254-307,False
data/epillid/dataset/classification_data/segmented_nih_pills_224/66116-509_0_0.jpg,66116-509,False
data/epillid/dataset/classification_data/segmented_nih_pills_224/35356-589_0_1.jpg,35356-589,False
data/epillid/dataset/classification_data/segmented_nih_pills_224/69189-0133_0_0.jpg,69189-0133,False
data/epillid/dataset/classification_data/segmented_nih_pills_224/50844-548_0_1.jpg,50844-548,False
data/epillid/dataset/classification_data/segmented_nih_pills_224/66116-234_0_0.jpg,66116-234,False
data/epillid/dataset/classification_data/segmented_nih_pills_224/53808-0840_0_0.jpg,53808-0840,False
data/epillid/dataset/classification_data/segmented_nih_pills_224/50090-2171_0_1.jpg,50090-2171,False
data/epillid/dataset/classification_data/segmented_nih_pills_224/51655-412_0_0.jpg,51655-412,False
data/epillid/dataset/classification_data/segmented_nih_pills_224/10544-623_0_0.jpg,10544-623,False
data/epillid/dataset/classification_data/segmented_nih_pills_224/64725-0197_0_1.jpg,64725-0197,False
data/epillid/dataset/classification_data/segmented_nih_pills_224/21695-237_0_1.jpg,21695-237,False
data/epillid/dataset/classification_data/segmented_nih_pills_224/67296-0041_0_0.jpg,67296-0041,False
data/epillid/dataset/classification_data/segmented_nih_pills_224/0781-2810_0_0.jpg,0781-2810,False
data/epillid/dataset/classification_data/segmented_nih_pills_224/63187-075_0_0.jpg,63187-075,False
data/epillid/dataset/classification_data/segmented_nih_pills_224/0093-7424_0_0.jpg,0093-7424,False
data/epillid/dataset/classification_data/segmented_nih_pills_224/0904-1982_0_1.jpg,0904-1982,False
data/epillid/dataset/classification_data/segmented_nih_pills_224/31722-901_0_0.jpg,31722-901,False
data/epillid/dataset/classification_data/segmented_nih_pills_224/43598-323_0_0.jpg,43598-323,False
data/epillid/dataset/classification_data/segmented_nih_pills_224/67046-076_0_1.jpg,67046-076,False
data/epillid/dataset/classification_data/segmented_nih_pills_224/68151-3048_0_0.jpg,68151-3048,False
data/epillid/dataset/classification_data/segmented_nih_pills_224/53808-0938_0_0.jpg,53808-0938,False
data/epillid/dataset/classification_data/segmented_nih_pills_224/50436-6733_0_1.jpg,50436-6733,False
data/epillid/dataset/classification_data/segmented_nih_pills_224/55695-004_0_0.jpg,55695-004,False
data/epillid/dataset/classification_data/segmented_nih_pills_224/50268-141_0_0.jpg,50268-141,False
data/epillid/dataset/classification_data/segmented_nih_pills_224/68788-9214_0_0.jpg,68788-9214,False
data/epillid/dataset/classification_data/segmented_nih_pills_224/39328-106_0_0.jpg,39328-106,False
data/epillid/dataset/classification_data/segmented_nih_pills_224/51285-369_0_1.jpg,51285-369,False
data/epillid/dataset/classification_data/segmented_nih_pills_224/0615-3562_0_1.jpg,0615-3562,False
data/epillid/dataset/classification_data/segmented_nih_pills_224/0615-3596_0_0.jpg,0615-3596,False
data/epillid/dataset/classification_data/segmented_nih_pills_224/0555-0899_0_0.jpg,0555-0899,False
data/epillid/dataset/classification_data/segmented_nih_pills_224/66336-402_0_1.jpg,66336-402,False
data/epillid/dataset/classification_data/segmented_nih_pills_224/42549-597_0_1.jpg,42549-597,False
data/epillid/dataset/classification_data/segmented_nih_pills_224/0615-7726_0_1.jpg,0615-7726,False
data/epillid/dataset/classification_data/segmented_nih_pills_224/54868-5189_0_1.jpg,54868-5189,False
data/epillid/dataset/classification_data/segmented_nih_pills_224/0378-7732_0_1.jpg,0378-7732,False
data/epillid/dataset/classification_data/segmented_nih_pills_224/68180-160_0_1.jpg,68180-160,False
data/epillid/dataset/classification_data/segmented_nih_pills_224/63187-065_0_0.jpg,63187-065,False
data/epillid/dataset/classification_data/segmented_nih_pills_224/63187-091_0_1.jpg,63187-091,False
data/epillid/dataset/classification_data/segmented_nih_pills_224/54868-4477_0_0.jpg,54868-4477,False
data/epillid/dataset/classification_data/segmented_nih_pills_224/33261-643_0_1.jpg,33261-643,False
data/epillid/dataset/classification_data/segmented_nih_pills_224/53808-0850_0_0.jpg,53808-0850,False
data/epillid/dataset/classification_data/segmented_nih_pills_224/63629-3198_0_1.jpg,63629-3198,False
data/epillid/dataset/classification_data/segmented_nih_pills_224/50090-0701_0_1.jpg,50090-0701,False
data/epillid/dataset/classification_data/segmented_nih_pills_224/68788-9388_0_1.jpg,68788-9388,False
data/epillid/dataset/classification_data/segmented_nih_pills_224/0591-0453_0_0.jpg,0591-0453,False
data/epillid/dataset/classification_data/segmented_nih_pills_224/54868-5005_0_0.jpg,54868-5005,False
data/epillid/dataset/classification_data/segmented_nih_pills_224/67544-562_0_0.jpg,67544-562,False
data/epillid/dataset/classification_data/segmented_nih_pills_224/53808-0928_0_0.jpg,53808-0928,False
data/epillid/dataset/classification_data/segmented_nih_pills_224/55695-014_0_0.jpg,55695-014,False
data/epillid/dataset/classification_data/segmented_nih_pills_224/59746-173_0_0.jpg,59746-173,False
data/epillid/dataset/classification_data/segmented_nih_pills_224/63874-532_0_0.jpg,63874-532,False
data/epillid/dataset/classification_data/segmented_nih_pills_224/54868-5781_0_0.jpg,54868-5781,False
data/epillid/dataset/classification_data/segmented_nih_pills_224/16729-021_0_1.jpg,16729-021,False
data/epillid/dataset/classification_data/segmented_nih_pills_224/55154-4223_0_0.jpg,55154-4223,False
data/epillid/dataset/classification_data/segmented_nih_pills_224/50090-0109_0_0.jpg,50090-0109,False
data/epillid/dataset/classification_data/segmented_nih_pills_224/0378-4250_0_0.jpg,0378-4250,False
data/epillid/dataset/classification_data/segmented_nih_pills_224/60760-343_0_1.jpg,60760-343,False
data/epillid/dataset/classification_data/segmented_nih_pills_224/42254-222_0_0.jpg,42254-222,False
data/epillid/dataset/classification_data/segmented_nih_pills_224/61786-502_0_0.jpg,61786-502,False
data/epillid/dataset/classification_data/segmented_nih_pills_224/0615-7843_0_1.jpg,0615-7843,False
data/epillid/dataset/classification_data/segmented_nih_pills_224/10544-956_0_0.jpg,10544-956,False
data/epillid/dataset/classification_data/segmented_nih_pills_224/63187-715_0_1.jpg,63187-715,False
data/epillid/dataset/classification_data/segmented_nih_pills_224/55700-064_0_1.jpg,55700-064,False
data/epillid/dataset/classification_data/segmented_nih_pills_224/60505-3759_0_1.jpg,60505-3759,False
data/epillid/dataset/classification_data/segmented_nih_pills_224/68151-1030_0_1.jpg,68151-1030,False
data/epillid/dataset/classification_data/segmented_nih_pills_224/0179-0140_0_0.jpg,0179-0140,False
data/epillid/dataset/classification_data/segmented_nih_pills_224/42291-348_0_0.jpg,42291-348,False
data/epillid/dataset/classification_data/segmented_nih_pills_224/48433-323_0_0.jpg,48433-323,False
data/epillid/dataset/classification_data/segmented_nih_pills_224/61919-103_0_1.jpg,61919-103,False
data/epillid/dataset/classification_data/segmented_nih_pills_224/50419-402_0_1.jpg,50419-402,False
data/epillid/dataset/classification_data/segmented_nih_pills_224/0143-3367_0_0.jpg,0143-3367,False
data/epillid/dataset/classification_data/segmented_nih_pills_224/60760-353_0_1.jpg,60760-353,False
data/epillid/dataset/classification_data/segmented_nih_pills_224/49999-343_0_1.jpg,49999-343,False
data/epillid/dataset/classification_data/segmented_nih_pills_224/0006-0221_0_0.jpg,0006-0221,False
data/epillid/dataset/classification_data/segmented_nih_pills_224/50090-0874_0_1.jpg,50090-0874,False
data/epillid/dataset/classification_data/segmented_nih_pills_224/0093-3100_0_1.jpg,0093-3100,False
data/epillid/dataset/classification_data/segmented_nih_pills_224/76237-246_0_1.jpg,76237-246,False
data/epillid/dataset/classification_data/segmented_nih_pills_224/50436-4623_0_0.jpg,50436-4623,False
data/epillid/dataset/classification_data/segmented_nih_pills_224/55154-4233_0_0.jpg,55154-4233,False
data/epillid/dataset/classification_data/segmented_nih_pills_224/55289-076_0_0.jpg,55289-076,False
data/epillid/dataset/classification_data/segmented_nih_pills_224/55289-082_0_1.jpg,55289-082,False
data/epillid/dataset/classification_data/segmented_nih_pills_224/16729-031_0_1.jpg,16729-031,False
data/epillid/dataset/classification_data/segmented_nih_pills_224/50090-0095_0_1.jpg,50090-0095,False
data/epillid/dataset/classification_data/segmented_nih_pills_224/60429-312_0_0.jpg,60429-312,False
data/epillid/dataset/classification_data/segmented_nih_pills_224/0378-0014_0_0.jpg,0378-0014,False
data/epillid/dataset/classification_data/segmented_nih_pills_224/16590-281_0_1.jpg,16590-281,False
data/epillid/dataset/classification_data/segmented_nih_pills_224/45865-441_0_0.jpg,45865-441,False
data/epillid/dataset/classification_data/segmented_nih_pills_224/69189-0643_0_1.jpg,69189-0643,False
data/epillid/dataset/classification_data/segmented_nih_pills_224/64679-946_0_0.jpg,64679-946,False
data/epillid/dataset/classification_data/segmented_nih_pills_224/43063-455_0_1.jpg,43063-455,False
data/epillid/dataset/classification_data/segmented_nih_pills_224/0172-4365_0_0.jpg,0172-4365,False
data/epillid/dataset/classification_data/segmented_nih_pills_224/68151-1020_0_1.jpg,68151-1020,False
data/epillid/dataset/classification_data/segmented_nih_pills_224/43353-914_0_0.jpg,43353-914,False
data/epillid/dataset/classification_data/segmented_nih_pills_224/0071-0417_0_1.jpg,0071-0417,False
data/epillid/dataset/classification_data/segmented_nih_pills_224/43199-038_0_1.jpg,43199-038,False
data/epillid/dataset/classification_data/segmented_nih_pills_224/12634-445_0_0.jpg,12634-445,False
data/epillid/dataset/classification_data/segmented_nih_pills_224/42291-358_0_0.jpg,42291-358,False
data/epillid/dataset/classification_data/segmented_nih_pills_224/51655-362_0_1.jpg,51655-362,False
data/epillid/dataset/classification_data/segmented_nih_pills_224/51079-191_0_0.jpg,51079-191,False
data/epillid/dataset/classification_data/segmented_nih_pills_224/0006-0464_0_0.jpg,0006-0464,False
data/epillid/dataset/classification_data/segmented_nih_pills_224/66336-537_0_0.jpg,66336-537,False
data/epillid/dataset/classification_data/segmented_nih_pills_224/76237-403_0_1.jpg,76237-403,False
data/epillid/dataset/classification_data/segmented_nih_pills_224/0781-5182_0_1.jpg,0781-5182,False
data/epillid/dataset/classification_data/segmented_nih_pills_224/55289-633_0_0.jpg,55289-633,False
data/epillid/dataset/classification_data/segmented_nih_pills_224/0037-2250_0_0.jpg,0037-2250,False
data/epillid/dataset/classification_data/segmented_nih_pills_224/24236-225_0_0.jpg,24236-225,False
data/epillid/dataset/classification_data/segmented_nih_pills_224/0904-1056_0_0.jpg,0904-1056,False
data/epillid/dataset/classification_data/segmented_nih_pills_224/43063-368_0_1.jpg,43063-368,False
data/epillid/dataset/classification_data/segmented_nih_pills_224/63739-519_0_1.jpg,63739-519,False
data/epillid/dataset/classification_data/segmented_nih_pills_224/21695-302_0_0.jpg,21695-302,False
data/epillid/dataset/classification_data/segmented_nih_pills_224/0527-1383_0_0.jpg,0527-1383,False
data/epillid/dataset/classification_data/segmented_nih_pills_224/64725-0056_0_1.jpg,64725-0056,False
data/epillid/dataset/classification_data/segmented_nih_pills_224/54868-5058_0_1.jpg,54868-5058,False
data/epillid/dataset/classification_data/segmented_nih_pills_224/54868-1380_0_0.jpg,54868-1380,False
data/epillid/dataset/classification_data/segmented_nih_pills_224/68084-830_0_1.jpg,68084-830,False
data/epillid/dataset/classification_data/segmented_nih_pills_224/67253-382_0_1.jpg,67253-382,False
data/epillid/dataset/classification_data/segmented_nih_pills_224/51079-984_0_1.jpg,51079-984,False
data/epillid/dataset/classification_data/segmented_nih_pills_224/68788-9259_0_1.jpg,68788-9259,False
data/epillid/dataset/classification_data/segmented_nih_pills_224/0615-4569_0_0.jpg,0615-4569,False
data/epillid/dataset/classification_data/segmented_nih_pills_224/49349-899_0_0.jpg,49349-899,False
data/epillid/dataset/classification_data/segmented_nih_pills_224/0093-5385_0_0.jpg,0093-5385,False
data/epillid/dataset/classification_data/segmented_nih_pills_224/54868-5935_0_0.jpg,54868-5935,False
data/epillid/dataset/classification_data/segmented_nih_pills_224/68151-3005_0_1.jpg,68151-3005,False
data/epillid/dataset/classification_data/segmented_nih_pills_224/60687-202_0_0.jpg,60687-202,False
data/epillid/dataset/classification_data/segmented_nih_pills_224/50268-064_0_1.jpg,50268-064,False
data/epillid/dataset/classification_data/segmented_nih_pills_224/50268-090_0_0.jpg,50268-090,False
data/epillid/dataset/classification_data/segmented_nih_pills_224/68788-9331_0_1.jpg,68788-9331,False
data/epillid/dataset/classification_data/segmented_nih_pills_224/0093-1135_0_1.jpg,0093-1135,False
data/epillid/dataset/classification_data/segmented_nih_pills_224/63187-028_0_1.jpg,63187-028,False
data/epillid/dataset/classification_data/segmented_nih_pills_224/55111-572_0_0.jpg,55111-572,False
data/epillid/dataset/classification_data/segmented_nih_pills_224/55111-586_0_1.jpg,55111-586,False
data/epillid/dataset/classification_data/segmented_nih_pills_224/53746-464_0_0.jpg,53746-464,False
data/epillid/dataset/classification_data/segmented_nih_pills_224/51079-960_0_0.jpg,51079-960,False
data/epillid/dataset/classification_data/segmented_nih_pills_224/51079-994_0_1.jpg,51079-994,False
data/epillid/dataset/classification_data/segmented_nih_pills_224/55154-2052_0_0.jpg,55154-2052,False
data/epillid/dataset/classification_data/segmented_nih_pills_224/68084-820_0_1.jpg,68084-820,False
data/epillid/dataset/classification_data/segmented_nih_pills_224/0781-5987_0_0.jpg,0781-5987,False
data/epillid/dataset/classification_data/segmented_nih_pills_224/55154-5979_0_1.jpg,55154-5979,False
data/epillid/dataset/classification_data/segmented_nih_pills_224/68151-3015_0_1.jpg,68151-3015,False
data/epillid/dataset/classification_data/segmented_nih_pills_224/0591-3774_0_1.jpg,0591-3774,False
data/epillid/dataset/classification_data/segmented_nih_pills_224/50436-3148_0_0.jpg,50436-3148,False
data/epillid/dataset/classification_data/segmented_nih_pills_224/54868-6322_0_1.jpg,54868-6322,False
data/epillid/dataset/classification_data/segmented_nih_pills_224/49884-113_0_1.jpg,49884-113,False
data/epillid/dataset/classification_data/segmented_nih_pills_224/0527-1393_0_0.jpg,0527-1393,False
data/epillid/dataset/classification_data/segmented_nih_pills_224/0904-6178_0_0.jpg,0904-6178,False
data/epillid/dataset/classification_data/segmented_nih_pills_224/0615-7613_0_0.jpg,0615-7613,False
data/epillid/dataset/classification_data/segmented_nih_pills_224/21695-871_0_1.jpg,21695-871,False
data/epillid/dataset/classification_data/segmented_nih_pills_224/21695-885_0_0.jpg,21695-885,False
data/epillid/dataset/classification_data/segmented_nih_pills_224/43353-422_0_1.jpg,43353-422,False
data/epillid/dataset/classification_data/segmented_nih_pills_224/50111-325_0_0.jpg,50111-325,False
data/epillid/dataset/classification_data/segmented_nih_pills_224/68151-0185_0_0.jpg,68151-0185,False
data/epillid/dataset/classification_data/segmented_nih_pills_224/10544-508_0_1.jpg,10544-508,False
data/epillid/dataset/classification_data/segmented_nih_pills_224/0173-0809_0_1.jpg,0173-0809,False
data/epillid/dataset/classification_data/segmented_nih_pills_224/0904-6376_0_0.jpg,0904-6376,False
data/epillid/dataset/classification_data/segmented_nih_pills_224/33261-400_0_0.jpg,33261-400,False
data/epillid/dataset/classification_data/segmented_nih_pills_224/43063-176_0_1.jpg,43063-176,False
data/epillid/dataset/classification_data/segmented_nih_pills_224/64764-918_0_0.jpg,64764-918,False
data/epillid/dataset/classification_data/segmented_nih_pills_224/59746-248_0_1.jpg,59746-248,False
data/epillid/dataset/classification_data/segmented_nih_pills_224/21695-909_0_1.jpg,21695-909,False
data/epillid/dataset/classification_data/segmented_nih_pills_224/16590-756_0_0.jpg,16590-756,False
data/epillid/dataset/classification_data/segmented_nih_pills_224/0615-7591_0_1.jpg,0615-7591,False
data/epillid/dataset/classification_data/segmented_nih_pills_224/51655-641_0_1.jpg,51655-641,False
data/epillid/dataset/classification_data/segmented_nih_pills_224/0904-5809_0_1.jpg,0904-5809,False
data/epillid/dataset/classification_data/segmented_nih_pills_224/42549-648_0_1.jpg,42549-648,False
data/epillid/dataset/classification_data/segmented_nih_pills_224/0093-7677_0_1.jpg,0093-7677,False
data/epillid/dataset/classification_data/segmented_nih_pills_224/63187-226_0_1.jpg,63187-226,False
data/epillid/dataset/classification_data/segmented_nih_pills_224/61786-824_0_1.jpg,61786-824,False
data/epillid/dataset/classification_data/segmented_nih_pills_224/21695-090_0_1.jpg,21695-090,False
data/epillid/dataset/classification_data/segmented_nih_pills_224/54868-5256_0_1.jpg,54868-5256,False
data/epillid/dataset/classification_data/segmented_nih_pills_224/10544-518_0_1.jpg,10544-518,False
data/epillid/dataset/classification_data/segmented_nih_pills_224/64205-212_0_1.jpg,64205-212,False
data/epillid/dataset/classification_data/segmented_nih_pills_224/67046-235_0_0.jpg,67046-235,False
data/epillid/dataset/classification_data/segmented_nih_pills_224/69189-4124_0_1.jpg,69189-4124,False
data/epillid/dataset/classification_data/segmented_nih_pills_224/68151-2701_0_1.jpg,68151-2701,False
data/epillid/dataset/classification_data/segmented_nih_pills_224/55154-6194_0_1.jpg,55154-6194,False
data/epillid/dataset/classification_data/segmented_nih_pills_224/0179-1988_0_0.jpg,0179-1988,False
data/epillid/dataset/classification_data/segmented_nih_pills_224/52125-105_0_1.jpg,52125-105,False
data/epillid/dataset/classification_data/segmented_nih_pills_224/0615-7575_0_0.jpg,0615-7575,False
data/epillid/dataset/classification_data/segmented_nih_pills_224/0615-7581_0_1.jpg,0615-7581,False
data/epillid/dataset/classification_data/segmented_nih_pills_224/0093-7693_0_0.jpg,0093-7693,False
data/epillid/dataset/classification_data/segmented_nih_pills_224/0603-5485_0_1.jpg,0603-5485,False
data/epillid/dataset/classification_data/segmented_nih_pills_224/63187-236_0_1.jpg,63187-236,False
data/epillid/dataset/classification_data/segmented_nih_pills_224/54868-4624_0_1.jpg,54868-4624,False
data/epillid/dataset/classification_data/segmented_nih_pills_224/61786-834_0_1.jpg,61786-834,False
data/epillid/dataset/classification_data/segmented_nih_pills_224/21695-080_0_1.jpg,21695-080,False
data/epillid/dataset/classification_data/segmented_nih_pills_224/68788-0790_0_1.jpg,68788-0790,False
data/epillid/dataset/classification_data/segmented_nih_pills_224/0087-6071_0_1.jpg,0087-6071,False
data/epillid/dataset/classification_data/segmented_nih_pills_224/52125-910_0_0.jpg,52125-910,False
data/epillid/dataset/classification_data/segmented_nih_pills_224/0185-0415_0_0.jpg,0185-0415,False
data/epillid/dataset/classification_data/segmented_nih_pills_224/42549-658_0_1.jpg,42549-658,False
data/epillid/dataset/classification_data/segmented_nih_pills_224/54868-6044_0_1.jpg,54868-6044,False
data/epillid/dataset/classification_data/segmented_nih_pills_224/61919-420_0_1.jpg,61919-420,False
data/epillid/dataset/classification_data/segmented_nih_pills_224/21695-919_0_1.jpg,21695-919,False
data/epillid/dataset/classification_data/segmented_nih_pills_224/50436-6408_0_0.jpg,50436-6408,False
data/epillid/dataset/classification_data/segmented_nih_pills_224/0179-1804_0_1.jpg,0179-1804,False
data/epillid/dataset/classification_data/segmented_nih_pills_224/65162-522_0_0.jpg,65162-522,False
data/epillid/dataset/classification_data/segmented_nih_pills_224/43353-277_0_1.jpg,43353-277,False
data/epillid/dataset/classification_data/segmented_nih_pills_224/49999-958_0_0.jpg,49999-958,False
data/epillid/dataset/classification_data/segmented_nih_pills_224/61786-690_0_1.jpg,61786-690,False
data/epillid/dataset/classification_data/segmented_nih_pills_224/69189-3727_0_1.jpg,69189-3727,False
data/epillid/dataset/classification_data/segmented_nih_pills_224/0093-6450_0_1.jpg,0093-6450,False
data/epillid/dataset/classification_data/segmented_nih_pills_224/64380-759_0_1.jpg,64380-759,False
data/epillid/dataset/classification_data/segmented_nih_pills_224/0310-0751_0_1.jpg,0310-0751,False
data/epillid/dataset/classification_data/segmented_nih_pills_224/76237-130_0_1.jpg,76237-130,False
data/epillid/dataset/classification_data/segmented_nih_pills_224/51079-456_0_1.jpg,51079-456,False
data/epillid/dataset/classification_data/segmented_nih_pills_224/21695-749_0_0.jpg,21695-749,False
data/epillid/dataset/classification_data/segmented_nih_pills_224/55154-4950_0_1.jpg,55154-4950,False
data/epillid/dataset/classification_data/segmented_nih_pills_224/51655-979_0_0.jpg,51655-979,False
data/epillid/dataset/classification_data/segmented_nih_pills_224/49999-820_0_0.jpg,49999-820,False
data/epillid/dataset/classification_data/segmented_nih_pills_224/0615-5550_0_0.jpg,0615-5550,False
data/epillid/dataset/classification_data/segmented_nih_pills_224/0093-0064_0_1.jpg,0093-0064,False
data/epillid/dataset/classification_data/segmented_nih_pills_224/0093-0090_0_0.jpg,0093-0090,False
data/epillid/dataset/classification_data/segmented_nih_pills_224/50090-0317_0_0.jpg,50090-0317,False
data/epillid/dataset/classification_data/segmented_nih_pills_224/53808-1021_0_0.jpg,53808-1021,False
data/epillid/dataset/classification_data/segmented_nih_pills_224/55111-129_0_0.jpg,55111-129,False
data/epillid/dataset/classification_data/segmented_nih_pills_224/10544-225_0_1.jpg,10544-225,False
data/epillid/dataset/classification_data/segmented_nih_pills_224/63187-487_0_0.jpg,63187-487,False
data/epillid/dataset/classification_data/segmented_nih_pills_224/54868-4095_0_0.jpg,54868-4095,False
data/epillid/dataset/classification_data/segmented_nih_pills_224/63629-1286_0_0.jpg,63629-1286,False
data/epillid/dataset/classification_data/segmented_nih_pills_224/21695-759_0_0.jpg,21695-759,False
data/epillid/dataset/classification_data/segmented_nih_pills_224/0245-0211_0_0.jpg,0245-0211,False
data/epillid/dataset/classification_data/segmented_nih_pills_224/55154-4838_0_1.jpg,55154-4838,False
data/epillid/dataset/classification_data/segmented_nih_pills_224/50436-9022_0_1.jpg,50436-9022,False
data/epillid/dataset/classification_data/segmented_nih_pills_224/0378-1700_0_0.jpg,0378-1700,False
data/epillid/dataset/classification_data/segmented_nih_pills_224/61786-674_0_0.jpg,61786-674,False
data/epillid/dataset/classification_data/segmented_nih_pills_224/60760-035_0_1.jpg,60760-035,False
data/epillid/dataset/classification_data/segmented_nih_pills_224/54458-995_0_1.jpg,54458-995,False
data/epillid/dataset/classification_data/segmented_nih_pills_224/53808-1031_0_0.jpg,53808-1031,False
data/epillid/dataset/classification_data/segmented_nih_pills_224/10544-235_0_1.jpg,10544-235,False
data/epillid/dataset/classification_data/segmented_nih_pills_224/0615-8027_0_1.jpg,0615-8027,False
data/epillid/dataset/classification_data/segmented_nih_pills_224/63187-497_0_0.jpg,63187-497,False
data/epillid/dataset/classification_data/segmented_nih_pills_224/66336-801_0_1.jpg,66336-801,False
data/epillid/dataset/classification_data/segmented_nih_pills_224/0093-0074_0_1.jpg,0093-0074,False
data/epillid/dataset/classification_data/segmented_nih_pills_224/0006-0952_0_1.jpg,0006-0952,False
data/epillid/dataset/classification_data/segmented_nih_pills_224/0615-5540_0_0.jpg,0615-5540,False
data/epillid/dataset/classification_data/segmented_nih_pills_224/16590-113_0_0.jpg,16590-113,False
data/epillid/dataset/classification_data/segmented_nih_pills_224/61919-275_0_1.jpg,61919-275,False
data/epillid/dataset/classification_data/segmented_nih_pills_224/61919-281_0_0.jpg,61919-281,False
data/epillid/dataset/classification_data/segmented_nih_pills_224/12634-629_0_0.jpg,12634-629,False
data/epillid/dataset/classification_data/segmented_nih_pills_224/54868-5471_0_1.jpg,54868-5471,False
data/epillid/dataset/classification_data/segmented_nih_pills_224/63629-2807_0_0.jpg,63629-2807,False
data/epillid/dataset/classification_data/segmented_nih_pills_224/53808-0431_0_0.jpg,53808-0431,False
data/epillid/dataset/classification_data/segmented_nih_pills_224/0093-0813_0_0.jpg,0093-0813,False
data/epillid/dataset/classification_data/segmented_nih_pills_224/49999-057_0_1.jpg,49999-057,False
data/epillid/dataset/classification_data/segmented_nih_pills_224/66993-413_0_1.jpg,66993-413,False
data/epillid/dataset/classification_data/segmented_nih_pills_224/51079-434_0_1.jpg,51079-434,False
data/epillid/dataset/classification_data/segmented_nih_pills_224/63187-569_0_1.jpg,63187-569,False
data/epillid/dataset/classification_data/segmented_nih_pills_224/0555-0590_0_0.jpg,0555-0590,False
data/epillid/dataset/classification_data/segmented_nih_pills_224/63739-048_0_1.jpg,63739-048,False
data/epillid/dataset/classification_data/segmented_nih_pills_224/43353-215_0_1.jpg,43353-215,False
data/epillid/dataset/classification_data/segmented_nih_pills_224/50436-6357_0_0.jpg,50436-6357,False
data/epillid/dataset/classification_data/segmented_nih_pills_224/16590-019_0_0.jpg,16590-019,False
data/epillid/dataset/classification_data/segmented_nih_pills_224/50268-525_0_1.jpg,50268-525,False
data/epillid/dataset/classification_data/segmented_nih_pills_224/68788-9670_0_1.jpg,68788-9670,False
data/epillid/dataset/classification_data/segmented_nih_pills_224/42254-126_0_0.jpg,42254-126,False
data/epillid/dataset/classification_data/segmented_nih_pills_224/61786-606_0_0.jpg,61786-606,False
data/epillid/dataset/classification_data/segmented_nih_pills_224/10544-247_0_1.jpg,10544-247,False
data/epillid/dataset/classification_data/segmented_nih_pills_224/54868-1625_0_1.jpg,54868-1625,False
data/epillid/dataset/classification_data/segmented_nih_pills_224/55700-394_0_0.jpg,55700-394,False
data/epillid/dataset/classification_data/segmented_nih_pills_224/0615-2574_0_0.jpg,0615-2574,False
data/epillid/dataset/classification_data/segmented_nih_pills_224/0615-8055_0_1.jpg,0615-8055,False
data/epillid/dataset/classification_data/segmented_nih_pills_224/68151-1334_0_1.jpg,68151-1334,False
data/epillid/dataset/classification_data/segmented_nih_pills_224/68788-9708_0_1.jpg,68788-9708,False
data/epillid/dataset/classification_data/segmented_nih_pills_224/68788-9694_0_0.jpg,68788-9694,False
data/epillid/dataset/classification_data/segmented_nih_pills_224/68382-230_0_1.jpg,68382-230,False
data/epillid/dataset/classification_data/segmented_nih_pills_224/0172-5413_0_0.jpg,0172-5413,False
data/epillid/dataset/classification_data/segmented_nih_pills_224/52959-892_0_0.jpg,52959-892,False
data/epillid/dataset/classification_data/segmented_nih_pills_224/63629-2817_0_0.jpg,63629-2817,False
data/epillid/dataset/classification_data/segmented_nih_pills_224/0456-1420_0_0.jpg,0456-1420,False
data/epillid/dataset/classification_data/segmented_nih_pills_224/54868-5461_0_1.jpg,54868-5461,False
data/epillid/dataset/classification_data/segmented_nih_pills_224/16590-990_0_0.jpg,16590-990,False
data/epillid/dataset/classification_data/segmented_nih_pills_224/55700-208_0_1.jpg,55700-208,False
data/epillid/dataset/classification_data/segmented_nih_pills_224/76237-142_0_1.jpg,76237-142,False
data/epillid/dataset/classification_data/segmented_nih_pills_224/68084-590_0_1.jpg,68084-590,False
data/epillid/dataset/classification_data/segmented_nih_pills_224/61442-127_0_0.jpg,61442-127,False
data/epillid/dataset/classification_data/segmented_nih_pills_224/0904-6551_0_0.jpg,0904-6551,False
data/epillid/dataset/classification_data/segmented_nih_pills_224/67544-106_0_1.jpg,67544-106,False
data/epillid/dataset/classification_data/segmented_nih_pills_224/33261-227_0_0.jpg,33261-227,False
data/epillid/dataset/classification_data/segmented_nih_pills_224/43353-389_0_0.jpg,43353-389,False
data/epillid/dataset/classification_data/segmented_nih_pills_224/66336-897_0_0.jpg,66336-897,False
data/epillid/dataset/classification_data/segmented_nih_pills_224/63402-191_0_0.jpg,63402-191,False
data/epillid/dataset/classification_data/segmented_nih_pills_224/51285-691_0_1.jpg,51285-691,False
data/epillid/dataset/classification_data/segmented_nih_pills_224/53808-1053_0_0.jpg,53808-1053,False
data/epillid/dataset/classification_data/segmented_nih_pills_224/35356-864_0_0.jpg,35356-864,False
data/epillid/dataset/classification_data/segmented_nih_pills_224/10544-257_0_1.jpg,10544-257,False
data/epillid/dataset/classification_data/segmented_nih_pills_224/51655-066_0_1.jpg,51655-066,False
data/epillid/dataset/classification_data/segmented_nih_pills_224/51655-092_0_0.jpg,51655-092,False
data/epillid/dataset/classification_data/segmented_nih_pills_224/53808-0559_0_0.jpg,53808-0559,False
data/epillid/dataset/classification_data/segmented_nih_pills_224/29300-188_0_0.jpg,29300-188,False
data/epillid/dataset/classification_data/segmented_nih_pills_224/54868-5224_0_1.jpg,54868-5224,False
data/epillid/dataset/classification_data/segmented_nih_pills_224/49999-602_0_1.jpg,49999-602,False
data/epillid/dataset/classification_data/segmented_nih_pills_224/66116-810_0_0.jpg,66116-810,False
data/epillid/dataset/classification_data/segmented_nih_pills_224/53808-0264_0_0.jpg,53808-0264,False
data/epillid/dataset/classification_data/segmented_nih_pills_224/54868-2296_0_0.jpg,54868-2296,False
data/epillid/dataset/classification_data/segmented_nih_pills_224/68788-6322_0_0.jpg,68788-6322,False
data/epillid/dataset/classification_data/segmented_nih_pills_224/21695-813_0_1.jpg,21695-813,False
data/epillid/dataset/classification_data/segmented_nih_pills_224/42291-619_0_0.jpg,42291-619,False
data/epillid/dataset/classification_data/segmented_nih_pills_224/0071-0156_0_1.jpg,0071-0156,False
data/epillid/dataset/classification_data/segmented_nih_pills_224/68084-259_0_0.jpg,68084-259,False
data/epillid/dataset/classification_data/segmented_nih_pills_224/68788-9830_0_0.jpg,68788-9830,False
data/epillid/dataset/classification_data/segmented_nih_pills_224/69189-0302_0_1.jpg,69189-0302,False
data/epillid/dataset/classification_data/segmented_nih_pills_224/63629-2647_0_1.jpg,63629-2647,False
data/epillid/dataset/classification_data/segmented_nih_pills_224/99207-467_0_1.jpg,99207-467,False
data/epillid/dataset/classification_data/segmented_nih_pills_224/0004-0260_0_0.jpg,0004-0260,False
data/epillid/dataset/classification_data/segmented_nih_pills_224/16252-571_0_1.jpg,16252-571,False
data/epillid/dataset/classification_data/segmented_nih_pills_224/50844-611_0_0.jpg,50844-611,False
data/epillid/dataset/classification_data/segmented_nih_pills_224/70385-2014_0_1.jpg,70385-2014,False
data/epillid/dataset/classification_data/segmented_nih_pills_224/13107-001_0_1.jpg,13107-001,False
data/epillid/dataset/classification_data/segmented_nih_pills_224/68788-6332_0_0.jpg,68788-6332,False
data/epillid/dataset/classification_data/segmented_nih_pills_224/50090-0448_0_0.jpg,50090-0448,False
data/epillid/dataset/classification_data/segmented_nih_pills_224/21695-803_0_1.jpg,21695-803,False
data/epillid/dataset/classification_data/segmented_nih_pills_224/16714-271_0_0.jpg,16714-271,False
data/epillid/dataset/classification_data/segmented_nih_pills_224/66336-623_0_0.jpg,66336-623,False
data/epillid/dataset/classification_data/segmented_nih_pills_224/53808-0274_0_0.jpg,53808-0274,False
data/epillid/dataset/classification_data/segmented_nih_pills_224/53808-0280_0_1.jpg,53808-0280,False
data/epillid/dataset/classification_data/segmented_nih_pills_224/63874-087_0_1.jpg,63874-087,False
data/epillid/dataset/classification_data/segmented_nih_pills_224/61919-442_0_1.jpg,61919-442,False
data/epillid/dataset/classification_data/segmented_nih_pills_224/50268-218_0_1.jpg,50268-218,False
data/epillid/dataset/classification_data/segmented_nih_pills_224/16590-724_0_0.jpg,16590-724,False
data/epillid/dataset/classification_data/segmented_nih_pills_224/60429-643_0_0.jpg,60429-643,False
data/epillid/dataset/classification_data/segmented_nih_pills_224/50436-0126_0_0.jpg,50436-0126,False
data/epillid/dataset/classification_data/segmented_nih_pills_224/42291-609_0_0.jpg,42291-609,False
data/epillid/dataset/classification_data/segmented_nih_pills_224/54868-4646_0_1.jpg,54868-4646,False
data/epillid/dataset/classification_data/segmented_nih_pills_224/63187-254_0_1.jpg,63187-254,False
data/epillid/dataset/classification_data/segmented_nih_pills_224/68084-249_0_0.jpg,68084-249,False
data/epillid/dataset/classification_data/segmented_nih_pills_224/52125-211_0_1.jpg,52125-211,False
data/epillid/dataset/classification_data/segmented_nih_pills_224/0186-0777_0_0.jpg,0186-0777,False
data/epillid/dataset/classification_data/segmented_nih_pills_224/51079-107_0_1.jpg,51079-107,False
data/epillid/dataset/classification_data/segmented_nih_pills_224/49884-019_0_1.jpg,49884-019,False
data/epillid/dataset/classification_data/segmented_nih_pills_224/21695-218_0_0.jpg,21695-218,False
data/epillid/dataset/classification_data/segmented_nih_pills_224/68084-047_0_0.jpg,68084-047,False
data/epillid/dataset/classification_data/segmented_nih_pills_224/0615-7719_0_0.jpg,0615-7719,False
data/epillid/dataset/classification_data/segmented_nih_pills_224/49909-005_0_1.jpg,49909-005,False
data/epillid/dataset/classification_data/segmented_nih_pills_224/50090-0646_0_0.jpg,50090-0646,False
data/epillid/dataset/classification_data/segmented_nih_pills_224/69189-0090_0_0.jpg,69189-0090,False
data/epillid/dataset/classification_data/segmented_nih_pills_224/54868-5957_0_0.jpg,54868-5957,False
data/epillid/dataset/classification_data/segmented_nih_pills_224/63739-403_0_1.jpg,63739-403,False
data/epillid/dataset/classification_data/segmented_nih_pills_224/55154-5066_0_0.jpg,55154-5066,False
data/epillid/dataset/classification_data/segmented_nih_pills_224/55154-5092_0_1.jpg,55154-5092,False
data/epillid/dataset/classification_data/segmented_nih_pills_224/21695-394_0_1.jpg,21695-394,False
data/epillid/dataset/classification_data/segmented_nih_pills_224/63187-122_0_1.jpg,63187-122,False
data/epillid/dataset/classification_data/segmented_nih_pills_224/0527-1315_0_1.jpg,0527-1315,False
data/epillid/dataset/classification_data/segmented_nih_pills_224/63629-4099_0_0.jpg,63629-4099,False
data/epillid/dataset/classification_data/segmented_nih_pills_224/0615-7661_0_0.jpg,0615-7661,False
data/epillid/dataset/classification_data/segmented_nih_pills_224/0615-7695_0_1.jpg,0615-7695,False
data/epillid/dataset/classification_data/segmented_nih_pills_224/68151-4021_0_1.jpg,68151-4021,False
data/epillid/dataset/classification_data/segmented_nih_pills_224/23155-105_0_1.jpg,23155-105,False
data/epillid/dataset/classification_data/segmented_nih_pills_224/68084-057_0_0.jpg,68084-057,False
data/epillid/dataset/classification_data/segmented_nih_pills_224/49884-009_0_1.jpg,49884-009,False
data/epillid/dataset/classification_data/segmented_nih_pills_224/68788-0518_0_0.jpg,68788-0518,False
data/epillid/dataset/classification_data/segmented_nih_pills_224/49999-574_0_1.jpg,49999-574,False
data/epillid/dataset/classification_data/segmented_nih_pills_224/21695-208_0_0.jpg,21695-208,False
data/epillid/dataset/classification_data/segmented_nih_pills_224/0615-7709_0_0.jpg,0615-7709,False
data/epillid/dataset/classification_data/segmented_nih_pills_224/57664-395_0_1.jpg,57664-395,False
data/epillid/dataset/classification_data/segmented_nih_pills_224/62175-485_0_0.jpg,62175-485,False
data/epillid/dataset/classification_data/segmented_nih_pills_224/67046-131_0_0.jpg,67046-131,False
data/epillid/dataset/classification_data/segmented_nih_pills_224/67296-0106_0_1.jpg,67296-0106,False
data/epillid/dataset/classification_data/segmented_nih_pills_224/0056-0510_0_1.jpg,0056-0510,False
data/epillid/dataset/classification_data/segmented_nih_pills_224/69176-300_0_1.jpg,69176-300,False
data/epillid/dataset/classification_data/segmented_nih_pills_224/52959-540_0_0.jpg,52959-540,False
data/epillid/dataset/classification_data/segmented_nih_pills_224/55111-468_0_0.jpg,55111-468,False
data/epillid/dataset/classification_data/segmented_nih_pills_224/0615-7671_0_0.jpg,0615-7671,False
data/epillid/dataset/classification_data/segmented_nih_pills_224/50436-8101_0_1.jpg,50436-8101,False
data/epillid/dataset/classification_data/segmented_nih_pills_224/68084-842_0_1.jpg,68084-842,False
data/epillid/dataset/classification_data/segmented_nih_pills_224/62756-356_0_0.jpg,62756-356,False
data/epillid/dataset/classification_data/segmented_nih_pills_224/68151-3083_0_0.jpg,68151-3083,False
data/epillid/dataset/classification_data/segmented_nih_pills_224/70786-0515_0_0.jpg,70786-0515,False
data/epillid/dataset/classification_data/segmented_nih_pills_224/54868-6340_0_1.jpg,54868-6340,False
data/epillid/dataset/classification_data/segmented_nih_pills_224/33261-714_0_0.jpg,33261-714,False
data/epillid/dataset/classification_data/segmented_nih_pills_224/47335-539_0_0.jpg,47335-539,False
data/epillid/dataset/classification_data/segmented_nih_pills_224/61786-594_0_1.jpg,61786-594,False
data/epillid/dataset/classification_data/segmented_nih_pills_224/0591-2521_0_1.jpg,0591-2521,False
data/epillid/dataset/classification_data/segmented_nih_pills_224/50268-643_0_1.jpg,50268-643,False
data/epillid/dataset/classification_data/segmented_nih_pills_224/33261-029_0_0.jpg,33261-029,False
data/epillid/dataset/classification_data/segmented_nih_pills_224/10544-934_0_0.jpg,10544-934,False
data/epillid/dataset/classification_data/segmented_nih_pills_224/0093-1712_0_1.jpg,0093-1712,False
data/epillid/dataset/classification_data/segmented_nih_pills_224/55289-969_0_1.jpg,55289-969,False
data/epillid/dataset/classification_data/segmented_nih_pills_224/52959-289_0_1.jpg,52959-289,False
data/epillid/dataset/classification_data/segmented_nih_pills_224/16110-502_0_0.jpg,16110-502,False
data/epillid/dataset/classification_data/segmented_nih_pills_224/53808-0757_0_0.jpg,53808-0757,False
data/epillid/dataset/classification_data/segmented_nih_pills_224/33261-944_0_1.jpg,33261-944,False
data/epillid/dataset/classification_data/segmented_nih_pills_224/68788-8971_0_0.jpg,68788-8971,False
data/epillid/dataset/classification_data/segmented_nih_pills_224/16729-043_0_1.jpg,16729-043,False
data/epillid/dataset/classification_data/segmented_nih_pills_224/70786-3142_0_0.jpg,70786-3142,False
data/epillid/dataset/classification_data/segmented_nih_pills_224/0555-9049_0_0.jpg,0555-9049,False
data/epillid/dataset/classification_data/segmented_nih_pills_224/0071-1017_0_1.jpg,0071-1017,False
data/epillid/dataset/classification_data/segmented_nih_pills_224/55111-355_0_0.jpg,55111-355,False
data/epillid/dataset/classification_data/segmented_nih_pills_224/55154-2675_0_0.jpg,55154-2675,False
data/epillid/dataset/classification_data/segmented_nih_pills_224/24979-004_0_1.jpg,24979-004,False
data/epillid/dataset/classification_data/segmented_nih_pills_224/68645-528_0_0.jpg,68645-528,False
data/epillid/dataset/classification_data/segmented_nih_pills_224/16590-207_0_0.jpg,16590-207,False
data/epillid/dataset/classification_data/segmented_nih_pills_224/33261-151_0_0.jpg,33261-151,False
data/epillid/dataset/classification_data/segmented_nih_pills_224/0615-7959_0_1.jpg,0615-7959,False
data/epillid/dataset/classification_data/segmented_nih_pills_224/0591-3153_0_1.jpg,0591-3153,False
data/epillid/dataset/classification_data/segmented_nih_pills_224/63629-4638_0_1.jpg,63629-4638,False
data/epillid/dataset/classification_data/segmented_nih_pills_224/55700-006_0_1.jpg,55700-006,False
data/epillid/dataset/classification_data/segmented_nih_pills_224/49999-249_0_1.jpg,49999-249,False
data/epillid/dataset/classification_data/segmented_nih_pills_224/58118-1271_0_1.jpg,58118-1271,False
data/epillid/dataset/classification_data/segmented_nih_pills_224/54868-0049_0_1.jpg,54868-0049,False
data/epillid/dataset/classification_data/segmented_nih_pills_224/0555-9131_0_0.jpg,0555-9131,False
data/epillid/dataset/classification_data/segmented_nih_pills_224/0179-0122_0_0.jpg,0179-0122,False
data/epillid/dataset/classification_data/segmented_nih_pills_224/47781-303_0_1.jpg,47781-303,False
data/epillid/dataset/classification_data/segmented_nih_pills_224/61919-990_0_1.jpg,61919-990,False
data/epillid/dataset/classification_data/segmented_nih_pills_224/0093-3196_0_0.jpg,0093-3196,False
data/epillid/dataset/classification_data/segmented_nih_pills_224/54868-0121_0_1.jpg,54868-0121,False
data/epillid/dataset/classification_data/segmented_nih_pills_224/68084-602_0_0.jpg,68084-602,False
data/epillid/dataset/classification_data/segmented_nih_pills_224/53808-0747_0_0.jpg,53808-0747,False
data/epillid/dataset/classification_data/segmented_nih_pills_224/53746-253_0_0.jpg,53746-253,False
data/epillid/dataset/classification_data/segmented_nih_pills_224/10544-049_0_1.jpg,10544-049,False
data/epillid/dataset/classification_data/segmented_nih_pills_224/51655-278_0_1.jpg,51655-278,False
data/epillid/dataset/classification_data/segmented_nih_pills_224/55289-014_0_0.jpg,55289-014,False
data/epillid/dataset/classification_data/segmented_nih_pills_224/33261-954_0_1.jpg,33261-954,False
data/epillid/dataset/classification_data/segmented_nih_pills_224/61786-570_0_0.jpg,61786-570,False
data/epillid/dataset/classification_data/segmented_nih_pills_224/60429-208_0_0.jpg,60429-208,False
data/epillid/dataset/classification_data/segmented_nih_pills_224/43353-163_0_1.jpg,43353-163,False
data/epillid/dataset/classification_data/segmented_nih_pills_224/10544-924_0_0.jpg,10544-924,False
data/epillid/dataset/classification_data/segmented_nih_pills_224/65862-603_0_0.jpg,65862-603,False
data/epillid/dataset/classification_data/segmented_nih_pills_224/0615-7831_0_1.jpg,0615-7831,False
data/epillid/dataset/classification_data/segmented_nih_pills_224/55154-5623_0_0.jpg,55154-5623,False
data/epillid/dataset/classification_data/segmented_nih_pills_224/54868-0059_0_1.jpg,54868-0059,False
data/epillid/dataset/classification_data/segmented_nih_pills_224/0185-0144_0_0.jpg,0185-0144,False
data/epillid/dataset/classification_data/segmented_nih_pills_224/0093-7336_0_1.jpg,0093-7336,False
data/epillid/dataset/classification_data/segmented_nih_pills_224/0832-0301_0_0.jpg,0832-0301,False
data/epillid/dataset/classification_data/segmented_nih_pills_224/49884-724_0_1.jpg,49884-724,False
data/epillid/dataset/classification_data/segmented_nih_pills_224/51655-300_0_1.jpg,51655-300,False
data/epillid/dataset/classification_data/segmented_nih_pills_224/0179-0132_0_0.jpg,0179-0132,False
data/epillid/dataset/classification_data/segmented_nih_pills_224/50090-0003_0_0.jpg,50090-0003,False
data/epillid/dataset/classification_data/segmented_nih_pills_224/0378-0076_0_0.jpg,0378-0076,False
data/epillid/dataset/classification_data/segmented_nih_pills_224/61919-171_0_1.jpg,61919-171,False
data/epillid/dataset/classification_data/segmented_nih_pills_224/16590-217_0_0.jpg,16590-217,False
data/epillid/dataset/classification_data/segmented_nih_pills_224/33261-141_0_0.jpg,33261-141,False
data/epillid/dataset/classification_data/segmented_nih_pills_224/0615-7949_0_1.jpg,0615-7949,False
data/epillid/dataset/classification_data/segmented_nih_pills_224/0093-8741_0_1.jpg,0093-8741,False
data/epillid/dataset/classification_data/segmented_nih_pills_224/0093-1893_0_0.jpg,0093-1893,False
data/epillid/dataset/classification_data/segmented_nih_pills_224/54868-1223_0_0.jpg,54868-1223,False
data/epillid/dataset/classification_data/segmented_nih_pills_224/64725-0101_0_0.jpg,64725-0101,False
data/epillid/dataset/classification_data/segmented_nih_pills_224/21695-255_0_1.jpg,21695-255,False
data/epillid/dataset/classification_data/segmented_nih_pills_224/68180-112_0_1.jpg,68180-112,False
data/epillid/dataset/classification_data/segmented_nih_pills_224/63187-017_0_0.jpg,63187-017,False
data/epillid/dataset/classification_data/segmented_nih_pills_224/0002-3229_0_0.jpg,0002-3229,False
data/epillid/dataset/classification_data/segmented_nih_pills_224/67296-0023_0_0.jpg,67296-0023,False
data/epillid/dataset/classification_data/segmented_nih_pills_224/67544-468_0_0.jpg,67544-468,False
data/epillid/dataset/classification_data/segmented_nih_pills_224/43063-347_0_0.jpg,43063-347,False
data/epillid/dataset/classification_data/segmented_nih_pills_224/54092-191_0_0.jpg,54092-191,False
data/epillid/dataset/classification_data/segmented_nih_pills_224/54868-5862_0_1.jpg,54868-5862,False
data/epillid/dataset/classification_data/segmented_nih_pills_224/54868-5896_0_0.jpg,54868-5896,False
data/epillid/dataset/classification_data/segmented_nih_pills_224/33261-631_0_1.jpg,33261-631,False
data/epillid/dataset/classification_data/segmented_nih_pills_224/61786-378_0_1.jpg,61786-378,False
data/epillid/dataset/classification_data/segmented_nih_pills_224/51138-057_0_0.jpg,51138-057,False
data/epillid/dataset/classification_data/segmented_nih_pills_224/55154-6239_0_1.jpg,55154-6239,False
data/epillid/dataset/classification_data/segmented_nih_pills_224/0228-2530_0_1.jpg,0228-2530,False
data/epillid/dataset/classification_data/segmented_nih_pills_224/42291-532_0_1.jpg,42291-532,False
data/epillid/dataset/classification_data/segmented_nih_pills_224/58118-0163_0_0.jpg,58118-0163,False
data/epillid/dataset/classification_data/segmented_nih_pills_224/23155-148_0_0.jpg,23155-148,False
data/epillid/dataset/classification_data/segmented_nih_pills_224/0781-5021_0_1.jpg,0781-5021,False
data/epillid/dataset/classification_data/segmented_nih_pills_224/61786-200_0_1.jpg,61786-200,False
data/epillid/dataset/classification_data/segmented_nih_pills_224/60505-0249_0_0.jpg,60505-0249,False
data/epillid/dataset/classification_data/segmented_nih_pills_224/54868-6275_0_0.jpg,54868-6275,False
data/epillid/dataset/classification_data/segmented_nih_pills_224/33261-621_0_1.jpg,33261-621,False
data/epillid/dataset/classification_data/segmented_nih_pills_224/51138-047_0_0.jpg,51138-047,False
data/epillid/dataset/classification_data/segmented_nih_pills_224/64725-0111_0_0.jpg,64725-0111,False
data/epillid/dataset/classification_data/segmented_nih_pills_224/63629-5442_0_0.jpg,63629-5442,False
data/epillid/dataset/classification_data/segmented_nih_pills_224/0093-2270_0_0.jpg,0093-2270,False
data/epillid/dataset/classification_data/segmented_nih_pills_224/54868-2834_0_1.jpg,54868-2834,False
data/epillid/dataset/classification_data/segmented_nih_pills_224/0002-3239_0_0.jpg,0002-3239,False
data/epillid/dataset/classification_data/segmented_nih_pills_224/63629-4148_0_0.jpg,63629-4148,False
data/epillid/dataset/classification_data/segmented_nih_pills_224/63187-007_0_0.jpg,63187-007,False
data/epillid/dataset/classification_data/segmented_nih_pills_224/0093-7456_0_0.jpg,0093-7456,False
data/epillid/dataset/classification_data/segmented_nih_pills_224/0093-1062_0_0.jpg,0093-1062,False
data/epillid/dataset/classification_data/segmented_nih_pills_224/49349-852_0_0.jpg,49349-852,False
data/epillid/dataset/classification_data/segmented_nih_pills_224/47335-580_0_0.jpg,47335-580,False
data/epillid/dataset/classification_data/segmented_nih_pills_224/42549-511_0_0.jpg,42549-511,False
data/epillid/dataset/classification_data/segmented_nih_pills_224/68084-196_0_0.jpg,68084-196,False
data/epillid/dataset/classification_data/segmented_nih_pills_224/12634-502_0_1.jpg,12634-502,False
data/epillid/dataset/classification_data/segmented_nih_pills_224/55289-049_0_1.jpg,55289-049,False
data/epillid/dataset/classification_data/segmented_nih_pills_224/53489-156_0_1.jpg,53489-156,False
data/epillid/dataset/classification_data/segmented_nih_pills_224/0143-1450_0_1.jpg,0143-1450,False
data/epillid/dataset/classification_data/segmented_nih_pills_224/54868-4250_0_0.jpg,54868-4250,False
data/epillid/dataset/classification_data/segmented_nih_pills_224/67296-0676_0_0.jpg,67296-0676,False
data/epillid/dataset/classification_data/segmented_nih_pills_224/63187-642_0_0.jpg,63187-642,False
data/epillid/dataset/classification_data/segmented_nih_pills_224/49999-388_0_1.jpg,49999-388,False
data/epillid/dataset/classification_data/segmented_nih_pills_224/58118-1344_0_0.jpg,58118-1344,False
data/epillid/dataset/classification_data/segmented_nih_pills_224/33261-064_0_1.jpg,33261-064,False
data/epillid/dataset/classification_data/segmented_nih_pills_224/33261-090_0_0.jpg,33261-090,False
data/epillid/dataset/classification_data/segmented_nih_pills_224/67046-739_0_1.jpg,67046-739,False
data/epillid/dataset/classification_data/segmented_nih_pills_224/55289-924_0_0.jpg,55289-924,False
data/epillid/dataset/classification_data/segmented_nih_pills_224/0172-5728_0_1.jpg,0172-5728,False
data/epillid/dataset/classification_data/segmented_nih_pills_224/61919-054_0_0.jpg,61919-054,False
data/epillid/dataset/classification_data/segmented_nih_pills_224/55154-8295_0_1.jpg,55154-8295,False
data/epillid/dataset/classification_data/segmented_nih_pills_224/10544-198_0_1.jpg,10544-198,False
data/epillid/dataset/classification_data/segmented_nih_pills_224/33261-871_0_0.jpg,33261-871,False
data/epillid/dataset/classification_data/segmented_nih_pills_224/42291-367_0_1.jpg,42291-367,False
data/epillid/dataset/classification_data/segmented_nih_pills_224/16729-182_0_1.jpg,16729-182,False
data/epillid/dataset/classification_data/segmented_nih_pills_224/16714-693_0_0.jpg,16714-693,False
data/epillid/dataset/classification_data/segmented_nih_pills_224/63629-4675_0_0.jpg,63629-4675,False
data/epillid/dataset/classification_data/segmented_nih_pills_224/0615-6587_0_0.jpg,0615-6587,False
data/epillid/dataset/classification_data/segmented_nih_pills_224/52959-348_0_1.jpg,52959-348,False
data/epillid/dataset/classification_data/segmented_nih_pills_224/68084-727_0_1.jpg,68084-727,False
data/epillid/dataset/classification_data/segmented_nih_pills_224/53808-0662_0_1.jpg,53808-0662,False
data/epillid/dataset/classification_data/segmented_nih_pills_224/67046-641_0_1.jpg,67046-641,False
data/epillid/dataset/classification_data/segmented_nih_pills_224/65162-713_0_1.jpg,65162-713,False
data/epillid/dataset/classification_data/segmented_nih_pills_224/68382-073_0_0.jpg,68382-073,False
data/epillid/dataset/classification_data/segmented_nih_pills_224/0615-5619_0_1.jpg,0615-5619,False
data/epillid/dataset/classification_data/segmented_nih_pills_224/60760-214_0_0.jpg,60760-214,False
data/epillid/dataset/classification_data/segmented_nih_pills_224/0615-1535_0_1.jpg,0615-1535,False
data/epillid/dataset/classification_data/segmented_nih_pills_224/63739-387_0_1.jpg,63739-387,False
data/epillid/dataset/classification_data/segmented_nih_pills_224/10544-969_0_1.jpg,10544-969,False
data/epillid/dataset/classification_data/segmented_nih_pills_224/55289-934_0_0.jpg,55289-934,False
data/epillid/dataset/classification_data/segmented_nih_pills_224/43063-502_0_0.jpg,43063-502,False
data/epillid/dataset/classification_data/segmented_nih_pills_224/33261-080_0_0.jpg,33261-080,False
data/epillid/dataset/classification_data/segmented_nih_pills_224/0615-7888_0_1.jpg,0615-7888,False
data/epillid/dataset/classification_data/segmented_nih_pills_224/0378-0143_0_1.jpg,0378-0143,False
data/epillid/dataset/classification_data/segmented_nih_pills_224/16590-322_0_1.jpg,16590-322,False
data/epillid/dataset/classification_data/segmented_nih_pills_224/55154-8285_0_1.jpg,55154-8285,False
data/epillid/dataset/classification_data/segmented_nih_pills_224/50090-0136_0_1.jpg,50090-0136,False
data/epillid/dataset/classification_data/segmented_nih_pills_224/0555-9014_0_1.jpg,0555-9014,False
data/epillid/dataset/classification_data/segmented_nih_pills_224/54868-4240_0_0.jpg,54868-4240,False
data/epillid/dataset/classification_data/segmented_nih_pills_224/68180-757_0_1.jpg,68180-757,False
data/epillid/dataset/classification_data/segmented_nih_pills_224/52959-220_0_1.jpg,52959-220,False
data/epillid/dataset/classification_data/segmented_nih_pills_224/53489-146_0_1.jpg,53489-146,False
data/epillid/dataset/classification_data/segmented_nih_pills_224/0615-7904_0_0.jpg,0615-7904,False
data/epillid/dataset/classification_data/segmented_nih_pills_224/67046-651_0_1.jpg,67046-651,False
data/epillid/dataset/classification_data/segmented_nih_pills_224/61786-445_0_1.jpg,61786-445,False
data/epillid/dataset/classification_data/segmented_nih_pills_224/68382-097_0_1.jpg,68382-097,False
data/epillid/dataset/classification_data/segmented_nih_pills_224/62037-577_0_0.jpg,62037-577,False
data/epillid/dataset/classification_data/segmented_nih_pills_224/33261-861_0_0.jpg,33261-861,False
data/epillid/dataset/classification_data/segmented_nih_pills_224/33261-895_0_1.jpg,33261-895,False
data/epillid/dataset/classification_data/segmented_nih_pills_224/16714-683_0_0.jpg,16714-683,False
data/epillid/dataset/classification_data/segmented_nih_pills_224/67544-355_0_0.jpg,67544-355,False
data/epillid/dataset/classification_data/segmented_nih_pills_224/0591-5442_0_0.jpg,0591-5442,False
data/epillid/dataset/classification_data/segmented_nih_pills_224/21695-568_0_1.jpg,21695-568,False
data/epillid/dataset/classification_data/segmented_nih_pills_224/16590-054_0_1.jpg,16590-054,False
data/epillid/dataset/classification_data/segmented_nih_pills_224/42291-814_0_0.jpg,42291-814,False
data/epillid/dataset/classification_data/segmented_nih_pills_224/60505-1308_0_0.jpg,60505-1308,False
data/epillid/dataset/classification_data/segmented_nih_pills_224/43063-674_0_0.jpg,43063-674,False
data/epillid/dataset/classification_data/segmented_nih_pills_224/43063-680_0_1.jpg,43063-680,False
data/epillid/dataset/classification_data/segmented_nih_pills_224/65862-538_0_1.jpg,65862-538,False
data/epillid/dataset/classification_data/segmented_nih_pills_224/63739-005_0_0.jpg,63739-005,False
data/epillid/dataset/classification_data/segmented_nih_pills_224/68084-539_0_1.jpg,68084-539,False
data/epillid/dataset/classification_data/segmented_nih_pills_224/55154-5494_0_0.jpg,55154-5494,False
data/epillid/dataset/classification_data/segmented_nih_pills_224/21695-766_0_1.jpg,21695-766,False
data/epillid/dataset/classification_data/segmented_nih_pills_224/42291-179_0_1.jpg,42291-179,False
data/epillid/dataset/classification_data/segmented_nih_pills_224/61786-733_0_1.jpg,61786-733,False
data/epillid/dataset/classification_data/segmented_nih_pills_224/50436-5891_0_1.jpg,50436-5891,False
data/epillid/dataset/classification_data/segmented_nih_pills_224/68151-2013_0_0.jpg,68151-2013,False
data/epillid/dataset/classification_data/segmented_nih_pills_224/50090-0338_0_1.jpg,50090-0338,False
data/epillid/dataset/classification_data/segmented_nih_pills_224/51655-956_0_1.jpg,51655-956,False
data/epillid/dataset/classification_data/segmented_nih_pills_224/50436-3444_0_1.jpg,50436-3444,False
data/epillid/dataset/classification_data/segmented_nih_pills_224/0093-0926_0_1.jpg,0093-0926,False
data/epillid/dataset/classification_data/segmented_nih_pills_224/0615-8018_0_0.jpg,0615-8018,False
data/epillid/dataset/classification_data/segmented_nih_pills_224/67544-023_0_0.jpg,67544-023,False
data/epillid/dataset/classification_data/segmented_nih_pills_224/55289-257_0_1.jpg,55289-257,False
data/epillid/dataset/classification_data/segmented_nih_pills_224/62584-984_0_1.jpg,62584-984,False
data/epillid/dataset/classification_data/segmented_nih_pills_224/63629-1335_0_0.jpg,63629-1335,False
data/epillid/dataset/classification_data/segmented_nih_pills_224/58118-0450_0_0.jpg,58118-0450,False
data/epillid/dataset/classification_data/segmented_nih_pills_224/16714-501_0_1.jpg,16714-501,False
data/epillid/dataset/classification_data/segmented_nih_pills_224/49884-577_0_0.jpg,49884-577,False
data/epillid/dataset/classification_data/segmented_nih_pills_224/0093-7165_0_0.jpg,0093-7165,False
data/epillid/dataset/classification_data/segmented_nih_pills_224/68084-529_0_1.jpg,68084-529,False
data/epillid/dataset/classification_data/segmented_nih_pills_224/55154-5470_0_1.jpg,55154-5470,False
data/epillid/dataset/classification_data/segmented_nih_pills_224/60760-977_0_1.jpg,60760-977,False
data/epillid/dataset/classification_data/segmented_nih_pills_224/53746-178_0_1.jpg,53746-178,False
data/epillid/dataset/classification_data/segmented_nih_pills_224/42291-169_0_1.jpg,42291-169,False
data/epillid/dataset/classification_data/segmented_nih_pills_224/61919-322_0_0.jpg,61919-322,False
data/epillid/dataset/classification_data/segmented_nih_pills_224/60429-123_0_1.jpg,60429-123,False
data/epillid/dataset/classification_data/segmented_nih_pills_224/0904-5676_0_1.jpg,0904-5676,False
data/epillid/dataset/classification_data/segmented_nih_pills_224/43063-664_0_0.jpg,43063-664,False
data/epillid/dataset/classification_data/segmented_nih_pills_224/65862-528_0_1.jpg,65862-528,False
data/epillid/dataset/classification_data/segmented_nih_pills_224/45865-670_0_1.jpg,45865-670,False
data/epillid/dataset/classification_data/segmented_nih_pills_224/45865-684_0_0.jpg,45865-684,False
data/epillid/dataset/classification_data/segmented_nih_pills_224/60429-936_0_0.jpg,60429-936,False
data/epillid/dataset/classification_data/segmented_nih_pills_224/0615-8008_0_0.jpg,0615-8008,False
data/epillid/dataset/classification_data/segmented_nih_pills_224/0179-0219_0_1.jpg,0179-0219,False
data/epillid/dataset/classification_data/segmented_nih_pills_224/62584-994_0_1.jpg,62584-994,False
data/epillid/dataset/classification_data/segmented_nih_pills_224/63739-800_0_1.jpg,63739-800,False
data/epillid/dataset/classification_data/segmented_nih_pills_224/0603-6161_0_1.jpg,0603-6161,False
data/epillid/dataset/classification_data/segmented_nih_pills_224/61786-723_0_1.jpg,61786-723,False
data/epillid/dataset/classification_data/segmented_nih_pills_224/50844-185_0_0.jpg,50844-185,False
data/epillid/dataset/classification_data/segmented_nih_pills_224/0173-0676_0_1.jpg,0173-0676,False
data/epillid/dataset/classification_data/segmented_nih_pills_224/35356-679_0_0.jpg,35356-679,False
data/epillid/dataset/classification_data/segmented_nih_pills_224/0093-5140_0_0.jpg,0093-5140,False
data/epillid/dataset/classification_data/segmented_nih_pills_224/63187-371_0_0.jpg,63187-371,False
data/epillid/dataset/classification_data/segmented_nih_pills_224/0591-2932_0_1.jpg,0591-2932,False
data/epillid/dataset/classification_data/segmented_nih_pills_224/21695-133_0_1.jpg,21695-133,False
data/epillid/dataset/classification_data/segmented_nih_pills_224/53808-0229_0_1.jpg,53808-0229,False
data/epillid/dataset/classification_data/segmented_nih_pills_224/45802-132_0_1.jpg,45802-132,False
data/epillid/dataset/classification_data/segmented_nih_pills_224/54868-5269_0_0.jpg,54868-5269,False
data/epillid/dataset/classification_data/segmented_nih_pills_224/0378-1807_0_0.jpg,0378-1807,False
data/epillid/dataset/classification_data/segmented_nih_pills_224/61786-192_0_0.jpg,61786-192,False
data/epillid/dataset/classification_data/segmented_nih_pills_224/21695-926_0_0.jpg,21695-926,False
data/epillid/dataset/classification_data/segmented_nih_pills_224/24236-979_0_0.jpg,24236-979,False
data/epillid/dataset/classification_data/segmented_nih_pills_224/51672-4026_0_0.jpg,51672-4026,False
data/epillid/dataset/classification_data/segmented_nih_pills_224/69189-4097_0_1.jpg,69189-4097,False
data/epillid/dataset/classification_data/segmented_nih_pills_224/13668-079_0_0.jpg,13668-079,False
data/epillid/dataset/classification_data/segmented_nih_pills_224/66336-706_0_1.jpg,66336-706,False
data/epillid/dataset/classification_data/segmented_nih_pills_224/63187-209_0_0.jpg,63187-209,False
data/epillid/dataset/classification_data/segmented_nih_pills_224/49999-737_0_0.jpg,49999-737,False
data/epillid/dataset/classification_data/segmented_nih_pills_224/42291-654_0_1.jpg,42291-654,False
data/epillid/dataset/classification_data/segmented_nih_pills_224/63629-1560_0_0.jpg,63629-1560,False
data/epillid/dataset/classification_data/segmented_nih_pills_224/69097-421_0_0.jpg,69097-421,False
data/epillid/dataset/classification_data/segmented_nih_pills_224/53808-0239_0_1.jpg,53808-0239,False
data/epillid/dataset/classification_data/segmented_nih_pills_224/63187-361_0_0.jpg,63187-361,False
data/epillid/dataset/classification_data/segmented_nih_pills_224/54868-4773_0_0.jpg,54868-4773,False
data/epillid/dataset/classification_data/segmented_nih_pills_224/21695-123_0_1.jpg,21695-123,False
data/epillid/dataset/classification_data/segmented_nih_pills_224/64725-0283_0_1.jpg,64725-0283,False
data/epillid/dataset/classification_data/segmented_nih_pills_224/10544-537_0_0.jpg,10544-537,False
data/epillid/dataset/classification_data/segmented_nih_pills_224/0078-0512_0_0.jpg,0078-0512,False
data/epillid/dataset/classification_data/segmented_nih_pills_224/69189-7295_0_1.jpg,69189-7295,False
data/epillid/dataset/classification_data/segmented_nih_pills_224/0093-0782_0_1.jpg,0093-0782,False
data/epillid/dataset/classification_data/segmented_nih_pills_224/66267-205_0_1.jpg,66267-205,False
data/epillid/dataset/classification_data/segmented_nih_pills_224/33261-547_0_1.jpg,33261-547,False
data/epillid/dataset/classification_data/segmented_nih_pills_224/0093-5150_0_0.jpg,0093-5150,False
data/epillid/dataset/classification_data/segmented_nih_pills_224/63739-640_0_0.jpg,63739-640,False
data/epillid/dataset/classification_data/segmented_nih_pills_224/63629-2796_0_1.jpg,63629-2796,False
data/epillid/dataset/classification_data/segmented_nih_pills_224/35356-669_0_0.jpg,35356-669,False
data/epillid/dataset/classification_data/segmented_nih_pills_224/60505-3255_0_0.jpg,60505-3255,False
data/epillid/dataset/classification_data/segmented_nih_pills_224/68788-9899_0_0.jpg,68788-9899,False
data/epillid/dataset/classification_data/segmented_nih_pills_224/53808-0341_0_1.jpg,53808-0341,False
data/epillid/dataset/classification_data/segmented_nih_pills_224/59762-0450_0_1.jpg,59762-0450,False
data/epillid/dataset/classification_data/segmented_nih_pills_224/61786-176_0_1.jpg,61786-176,False
data/epillid/dataset/classification_data/segmented_nih_pills_224/61786-182_0_0.jpg,61786-182,False
data/epillid/dataset/classification_data/segmented_nih_pills_224/31722-200_0_1.jpg,31722-200,False
data/epillid/dataset/classification_data/segmented_nih_pills_224/10702-007_0_1.jpg,10702-007,False
data/epillid/dataset/classification_data/segmented_nih_pills_224/0440-7805_0_0.jpg,0440-7805,False
data/epillid/dataset/classification_data/segmented_nih_pills_224/50090-1083_0_0.jpg,50090-1083,False
data/epillid/dataset/classification_data/segmented_nih_pills_224/35356-711_0_0.jpg,35356-711,False
data/epillid/dataset/classification_data/segmented_nih_pills_224/51672-4036_0_0.jpg,51672-4036,False
data/epillid/dataset/classification_data/segmented_nih_pills_224/35356-669_0_1.jpg,35356-669,False
data/epillid/dataset/classification_data/segmented_nih_pills_224/63629-2796_0_0.jpg,63629-2796,False
data/epillid/dataset/classification_data/segmented_nih_pills_224/63739-640_0_1.jpg,63739-640,False
data/epillid/dataset/classification_data/segmented_nih_pills_224/33261-547_0_0.jpg,33261-547,False
data/epillid/dataset/classification_data/segmented_nih_pills_224/0093-5150_0_1.jpg,0093-5150,False
data/epillid/dataset/classification_data/segmented_nih_pills_224/66267-205_0_0.jpg,66267-205,False
data/epillid/dataset/classification_data/segmented_nih_pills_224/0093-0782_0_0.jpg,0093-0782,False
data/epillid/dataset/classification_data/segmented_nih_pills_224/69189-7295_0_0.jpg,69189-7295,False
data/epillid/dataset/classification_data/segmented_nih_pills_224/0078-0512_0_1.jpg,0078-0512,False
data/epillid/dataset/classification_data/segmented_nih_pills_224/10544-537_0_1.jpg,10544-537,False
data/epillid/dataset/classification_data/segmented_nih_pills_224/64725-0283_0_0.jpg,64725-0283,False
data/epillid/dataset/classification_data/segmented_nih_pills_224/21695-123_0_0.jpg,21695-123,False
data/epillid/dataset/classification_data/segmented_nih_pills_224/63187-361_0_1.jpg,63187-361,False
data/epillid/dataset/classification_data/segmented_nih_pills_224/54868-4773_0_1.jpg,54868-4773,False
data/epillid/dataset/classification_data/segmented_nih_pills_224/53808-0239_0_0.jpg,53808-0239,False
data/epillid/dataset/classification_data/segmented_nih_pills_224/69097-421_0_1.jpg,69097-421,False
data/epillid/dataset/classification_data/segmented_nih_pills_224/51672-4036_0_1.jpg,51672-4036,False
data/epillid/dataset/classification_data/segmented_nih_pills_224/35356-711_0_1.jpg,35356-711,False
data/epillid/dataset/classification_data/segmented_nih_pills_224/50090-1083_0_1.jpg,50090-1083,False
data/epillid/dataset/classification_data/segmented_nih_pills_224/10702-007_0_0.jpg,10702-007,False
data/epillid/dataset/classification_data/segmented_nih_pills_224/31722-200_0_0.jpg,31722-200,False
data/epillid/dataset/classification_data/segmented_nih_pills_224/0440-7805_0_1.jpg,0440-7805,False
data/epillid/dataset/classification_data/segmented_nih_pills_224/61786-176_0_0.jpg,61786-176,False
data/epillid/dataset/classification_data/segmented_nih_pills_224/61786-182_0_1.jpg,61786-182,False
data/epillid/dataset/classification_data/segmented_nih_pills_224/59762-0450_0_0.jpg,59762-0450,False
data/epillid/dataset/classification_data/segmented_nih_pills_224/53808-0341_0_0.jpg,53808-0341,False
data/epillid/dataset/classification_data/segmented_nih_pills_224/60505-3255_0_1.jpg,60505-3255,False
data/epillid/dataset/classification_data/segmented_nih_pills_224/68788-9899_0_1.jpg,68788-9899,False
data/epillid/dataset/classification_data/segmented_nih_pills_224/0378-1807_0_1.jpg,0378-1807,False
data/epillid/dataset/classification_data/segmented_nih_pills_224/54868-5269_0_1.jpg,54868-5269,False
data/epillid/dataset/classification_data/segmented_nih_pills_224/45802-132_0_0.jpg,45802-132,False
data/epillid/dataset/classification_data/segmented_nih_pills_224/53808-0229_0_0.jpg,53808-0229,False
data/epillid/dataset/classification_data/segmented_nih_pills_224/0591-2932_0_0.jpg,0591-2932,False
data/epillid/dataset/classification_data/segmented_nih_pills_224/21695-133_0_0.jpg,21695-133,False
data/epillid/dataset/classification_data/segmented_nih_pills_224/63187-371_0_1.jpg,63187-371,False
data/epillid/dataset/classification_data/segmented_nih_pills_224/0093-5140_0_1.jpg,0093-5140,False
data/epillid/dataset/classification_data/segmented_nih_pills_224/35356-679_0_1.jpg,35356-679,False
data/epillid/dataset/classification_data/segmented_nih_pills_224/63629-1560_0_1.jpg,63629-1560,False
data/epillid/dataset/classification_data/segmented_nih_pills_224/42291-654_0_0.jpg,42291-654,False
data/epillid/dataset/classification_data/segmented_nih_pills_224/49999-737_0_1.jpg,49999-737,False
data/epillid/dataset/classification_data/segmented_nih_pills_224/63187-209_0_1.jpg,63187-209,False
data/epillid/dataset/classification_data/segmented_nih_pills_224/66336-706_0_0.jpg,66336-706,False
data/epillid/dataset/classification_data/segmented_nih_pills_224/13668-079_0_1.jpg,13668-079,False
data/epillid/dataset/classification_data/segmented_nih_pills_224/69189-4097_0_0.jpg,69189-4097,False
data/epillid/dataset/classification_data/segmented_nih_pills_224/51672-4026_0_1.jpg,51672-4026,False
data/epillid/dataset/classification_data/segmented_nih_pills_224/24236-979_0_1.jpg,24236-979,False
data/epillid/dataset/classification_data/segmented_nih_pills_224/21695-926_0_1.jpg,21695-926,False
data/epillid/dataset/classification_data/segmented_nih_pills_224/61786-192_0_1.jpg,61786-192,False
data/epillid/dataset/classification_data/segmented_nih_pills_224/45865-670_0_0.jpg,45865-670,False
data/epillid/dataset/classification_data/segmented_nih_pills_224/45865-684_0_1.jpg,45865-684,False
data/epillid/dataset/classification_data/segmented_nih_pills_224/43063-664_0_1.jpg,43063-664,False
data/epillid/dataset/classification_data/segmented_nih_pills_224/65862-528_0_0.jpg,65862-528,False
data/epillid/dataset/classification_data/segmented_nih_pills_224/0904-5676_0_0.jpg,0904-5676,False
data/epillid/dataset/classification_data/segmented_nih_pills_224/60429-123_0_0.jpg,60429-123,False
data/epillid/dataset/classification_data/segmented_nih_pills_224/61919-322_0_1.jpg,61919-322,False
data/epillid/dataset/classification_data/segmented_nih_pills_224/42291-169_0_0.jpg,42291-169,False
data/epillid/dataset/classification_data/segmented_nih_pills_224/53746-178_0_0.jpg,53746-178,False
data/epillid/dataset/classification_data/segmented_nih_pills_224/55154-5470_0_0.jpg,55154-5470,False
data/epillid/dataset/classification_data/segmented_nih_pills_224/60760-977_0_0.jpg,60760-977,False
data/epillid/dataset/classification_data/segmented_nih_pills_224/68084-529_0_0.jpg,68084-529,False
data/epillid/dataset/classification_data/segmented_nih_pills_224/0093-7165_0_1.jpg,0093-7165,False
data/epillid/dataset/classification_data/segmented_nih_pills_224/49884-577_0_1.jpg,49884-577,False
data/epillid/dataset/classification_data/segmented_nih_pills_224/50844-185_0_1.jpg,50844-185,False
data/epillid/dataset/classification_data/segmented_nih_pills_224/0173-0676_0_0.jpg,0173-0676,False
data/epillid/dataset/classification_data/segmented_nih_pills_224/0603-6161_0_0.jpg,0603-6161,False
data/epillid/dataset/classification_data/segmented_nih_pills_224/61786-723_0_0.jpg,61786-723,False
data/epillid/dataset/classification_data/segmented_nih_pills_224/62584-994_0_0.jpg,62584-994,False
data/epillid/dataset/classification_data/segmented_nih_pills_224/63739-800_0_0.jpg,63739-800,False
data/epillid/dataset/classification_data/segmented_nih_pills_224/0179-0219_0_0.jpg,0179-0219,False
data/epillid/dataset/classification_data/segmented_nih_pills_224/0615-8008_0_1.jpg,0615-8008,False
data/epillid/dataset/classification_data/segmented_nih_pills_224/60429-936_0_1.jpg,60429-936,False
data/epillid/dataset/classification_data/segmented_nih_pills_224/42291-179_0_0.jpg,42291-179,False
data/epillid/dataset/classification_data/segmented_nih_pills_224/21695-766_0_0.jpg,21695-766,False
data/epillid/dataset/classification_data/segmented_nih_pills_224/55154-5494_0_1.jpg,55154-5494,False
data/epillid/dataset/classification_data/segmented_nih_pills_224/68084-539_0_0.jpg,68084-539,False
data/epillid/dataset/classification_data/segmented_nih_pills_224/63739-005_0_1.jpg,63739-005,False
data/epillid/dataset/classification_data/segmented_nih_pills_224/43063-674_0_1.jpg,43063-674,False
data/epillid/dataset/classification_data/segmented_nih_pills_224/43063-680_0_0.jpg,43063-680,False
data/epillid/dataset/classification_data/segmented_nih_pills_224/65862-538_0_0.jpg,65862-538,False
data/epillid/dataset/classification_data/segmented_nih_pills_224/60505-1308_0_1.jpg,60505-1308,False
data/epillid/dataset/classification_data/segmented_nih_pills_224/42291-814_0_1.jpg,42291-814,False
data/epillid/dataset/classification_data/segmented_nih_pills_224/16590-054_0_0.jpg,16590-054,False
data/epillid/dataset/classification_data/segmented_nih_pills_224/58118-0450_0_1.jpg,58118-0450,False
data/epillid/dataset/classification_data/segmented_nih_pills_224/16714-501_0_0.jpg,16714-501,False
data/epillid/dataset/classification_data/segmented_nih_pills_224/62584-984_0_0.jpg,62584-984,False
data/epillid/dataset/classification_data/segmented_nih_pills_224/63629-1335_0_1.jpg,63629-1335,False
data/epillid/dataset/classification_data/segmented_nih_pills_224/55289-257_0_0.jpg,55289-257,False
data/epillid/dataset/classification_data/segmented_nih_pills_224/0093-0926_0_0.jpg,0093-0926,False
data/epillid/dataset/classification_data/segmented_nih_pills_224/67544-023_0_1.jpg,67544-023,False
data/epillid/dataset/classification_data/segmented_nih_pills_224/0615-8018_0_1.jpg,0615-8018,False
data/epillid/dataset/classification_data/segmented_nih_pills_224/50436-3444_0_0.jpg,50436-3444,False
data/epillid/dataset/classification_data/segmented_nih_pills_224/51655-956_0_0.jpg,51655-956,False
data/epillid/dataset/classification_data/segmented_nih_pills_224/68151-2013_0_1.jpg,68151-2013,False
data/epillid/dataset/classification_data/segmented_nih_pills_224/50436-5891_0_0.jpg,50436-5891,False
data/epillid/dataset/classification_data/segmented_nih_pills_224/50090-0338_0_0.jpg,50090-0338,False
data/epillid/dataset/classification_data/segmented_nih_pills_224/61786-733_0_0.jpg,61786-733,False
data/epillid/dataset/classification_data/segmented_nih_pills_224/53489-146_0_0.jpg,53489-146,False
data/epillid/dataset/classification_data/segmented_nih_pills_224/52959-220_0_0.jpg,52959-220,False
data/epillid/dataset/classification_data/segmented_nih_pills_224/68180-757_0_0.jpg,68180-757,False
data/epillid/dataset/classification_data/segmented_nih_pills_224/54868-4240_0_1.jpg,54868-4240,False
data/epillid/dataset/classification_data/segmented_nih_pills_224/0555-9014_0_0.jpg,0555-9014,False
data/epillid/dataset/classification_data/segmented_nih_pills_224/50090-0136_0_0.jpg,50090-0136,False
data/epillid/dataset/classification_data/segmented_nih_pills_224/16590-322_0_0.jpg,16590-322,False
data/epillid/dataset/classification_data/segmented_nih_pills_224/55154-8285_0_0.jpg,55154-8285,False
data/epillid/dataset/classification_data/segmented_nih_pills_224/0378-0143_0_0.jpg,0378-0143,False
data/epillid/dataset/classification_data/segmented_nih_pills_224/0615-7888_0_0.jpg,0615-7888,False
data/epillid/dataset/classification_data/segmented_nih_pills_224/33261-080_0_1.jpg,33261-080,False
data/epillid/dataset/classification_data/segmented_nih_pills_224/55289-934_0_1.jpg,55289-934,False
data/epillid/dataset/classification_data/segmented_nih_pills_224/43063-502_0_1.jpg,43063-502,False
data/epillid/dataset/classification_data/segmented_nih_pills_224/10544-969_0_0.jpg,10544-969,False
data/epillid/dataset/classification_data/segmented_nih_pills_224/63739-387_0_0.jpg,63739-387,False
data/epillid/dataset/classification_data/segmented_nih_pills_224/21695-568_0_0.jpg,21695-568,False
data/epillid/dataset/classification_data/segmented_nih_pills_224/0591-5442_0_1.jpg,0591-5442,False
data/epillid/dataset/classification_data/segmented_nih_pills_224/67544-355_0_1.jpg,67544-355,False
data/epillid/dataset/classification_data/segmented_nih_pills_224/16714-683_0_1.jpg,16714-683,False
data/epillid/dataset/classification_data/segmented_nih_pills_224/33261-861_0_1.jpg,33261-861,False
data/epillid/dataset/classification_data/segmented_nih_pills_224/33261-895_0_0.jpg,33261-895,False
data/epillid/dataset/classification_data/segmented_nih_pills_224/62037-577_0_1.jpg,62037-577,False
data/epillid/dataset/classification_data/segmented_nih_pills_224/61786-445_0_0.jpg,61786-445,False
data/epillid/dataset/classification_data/segmented_nih_pills_224/68382-097_0_0.jpg,68382-097,False
data/epillid/dataset/classification_data/segmented_nih_pills_224/67046-651_0_0.jpg,67046-651,False
data/epillid/dataset/classification_data/segmented_nih_pills_224/0615-7904_0_1.jpg,0615-7904,False
data/epillid/dataset/classification_data/segmented_nih_pills_224/55154-8295_0_0.jpg,55154-8295,False
data/epillid/dataset/classification_data/segmented_nih_pills_224/61919-054_0_1.jpg,61919-054,False
data/epillid/dataset/classification_data/segmented_nih_pills_224/0172-5728_0_0.jpg,0172-5728,False
data/epillid/dataset/classification_data/segmented_nih_pills_224/55289-924_0_1.jpg,55289-924,False
data/epillid/dataset/classification_data/segmented_nih_pills_224/67046-739_0_0.jpg,67046-739,False
data/epillid/dataset/classification_data/segmented_nih_pills_224/33261-064_0_0.jpg,33261-064,False
data/epillid/dataset/classification_data/segmented_nih_pills_224/33261-090_0_1.jpg,33261-090,False
data/epillid/dataset/classification_data/segmented_nih_pills_224/58118-1344_0_1.jpg,58118-1344,False
data/epillid/dataset/classification_data/segmented_nih_pills_224/49999-388_0_0.jpg,49999-388,False
data/epillid/dataset/classification_data/segmented_nih_pills_224/54868-4250_0_1.jpg,54868-4250,False
data/epillid/dataset/classification_data/segmented_nih_pills_224/63187-642_0_1.jpg,63187-642,False
data/epillid/dataset/classification_data/segmented_nih_pills_224/67296-0676_0_1.jpg,67296-0676,False
data/epillid/dataset/classification_data/segmented_nih_pills_224/0143-1450_0_0.jpg,0143-1450,False
data/epillid/dataset/classification_data/segmented_nih_pills_224/53489-156_0_0.jpg,53489-156,False
data/epillid/dataset/classification_data/segmented_nih_pills_224/55289-049_0_0.jpg,55289-049,False
data/epillid/dataset/classification_data/segmented_nih_pills_224/12634-502_0_0.jpg,12634-502,False
data/epillid/dataset/classification_data/segmented_nih_pills_224/0615-1535_0_0.jpg,0615-1535,False
data/epillid/dataset/classification_data/segmented_nih_pills_224/60760-214_0_1.jpg,60760-214,False
data/epillid/dataset/classification_data/segmented_nih_pills_224/0615-5619_0_0.jpg,0615-5619,False
data/epillid/dataset/classification_data/segmented_nih_pills_224/68382-073_0_1.jpg,68382-073,False
data/epillid/dataset/classification_data/segmented_nih_pills_224/65162-713_0_0.jpg,65162-713,False
data/epillid/dataset/classification_data/segmented_nih_pills_224/67046-641_0_0.jpg,67046-641,False
data/epillid/dataset/classification_data/segmented_nih_pills_224/53808-0662_0_0.jpg,53808-0662,False
data/epillid/dataset/classification_data/segmented_nih_pills_224/68084-727_0_0.jpg,68084-727,False
data/epillid/dataset/classification_data/segmented_nih_pills_224/52959-348_0_0.jpg,52959-348,False
data/epillid/dataset/classification_data/segmented_nih_pills_224/0615-6587_0_1.jpg,0615-6587,False
data/epillid/dataset/classification_data/segmented_nih_pills_224/63629-4675_0_1.jpg,63629-4675,False
data/epillid/dataset/classification_data/segmented_nih_pills_224/16714-693_0_1.jpg,16714-693,False
data/epillid/dataset/classification_data/segmented_nih_pills_224/16729-182_0_0.jpg,16729-182,False
data/epillid/dataset/classification_data/segmented_nih_pills_224/42291-367_0_0.jpg,42291-367,False
data/epillid/dataset/classification_data/segmented_nih_pills_224/33261-871_0_1.jpg,33261-871,False
data/epillid/dataset/classification_data/segmented_nih_pills_224/10544-198_0_0.jpg,10544-198,False
data/epillid/dataset/classification_data/segmented_nih_pills_224/0093-7456_0_1.jpg,0093-7456,False
data/epillid/dataset/classification_data/segmented_nih_pills_224/63187-007_0_1.jpg,63187-007,False
data/epillid/dataset/classification_data/segmented_nih_pills_224/63629-4148_0_1.jpg,63629-4148,False
data/epillid/dataset/classification_data/segmented_nih_pills_224/0002-3239_0_1.jpg,0002-3239,False
data/epillid/dataset/classification_data/segmented_nih_pills_224/0093-2270_0_1.jpg,0093-2270,False
data/epillid/dataset/classification_data/segmented_nih_pills_224/54868-2834_0_0.jpg,54868-2834,False
data/epillid/dataset/classification_data/segmented_nih_pills_224/63629-5442_0_1.jpg,63629-5442,False
data/epillid/dataset/classification_data/segmented_nih_pills_224/64725-0111_0_1.jpg,64725-0111,False
data/epillid/dataset/classification_data/segmented_nih_pills_224/51138-047_0_1.jpg,51138-047,False
data/epillid/dataset/classification_data/segmented_nih_pills_224/33261-621_0_0.jpg,33261-621,False
data/epillid/dataset/classification_data/segmented_nih_pills_224/54868-6275_0_1.jpg,54868-6275,False
data/epillid/dataset/classification_data/segmented_nih_pills_224/42549-511_0_1.jpg,42549-511,False
data/epillid/dataset/classification_data/segmented_nih_pills_224/68084-196_0_1.jpg,68084-196,False
data/epillid/dataset/classification_data/segmented_nih_pills_224/49349-852_0_1.jpg,49349-852,False
data/epillid/dataset/classification_data/segmented_nih_pills_224/47335-580_0_1.jpg,47335-580,False
data/epillid/dataset/classification_data/segmented_nih_pills_224/0093-1062_0_1.jpg,0093-1062,False
data/epillid/dataset/classification_data/segmented_nih_pills_224/55154-6239_0_0.jpg,55154-6239,False
data/epillid/dataset/classification_data/segmented_nih_pills_224/51138-057_0_1.jpg,51138-057,False
data/epillid/dataset/classification_data/segmented_nih_pills_224/61786-378_0_0.jpg,61786-378,False
data/epillid/dataset/classification_data/segmented_nih_pills_224/33261-631_0_0.jpg,33261-631,False
data/epillid/dataset/classification_data/segmented_nih_pills_224/54092-191_0_1.jpg,54092-191,False
data/epillid/dataset/classification_data/segmented_nih_pills_224/54868-5862_0_0.jpg,54868-5862,False
data/epillid/dataset/classification_data/segmented_nih_pills_224/54868-5896_0_1.jpg,54868-5896,False
data/epillid/dataset/classification_data/segmented_nih_pills_224/43063-347_0_1.jpg,43063-347,False
data/epillid/dataset/classification_data/segmented_nih_pills_224/67544-468_0_1.jpg,67544-468,False
data/epillid/dataset/classification_data/segmented_nih_pills_224/67296-0023_0_1.jpg,67296-0023,False
data/epillid/dataset/classification_data/segmented_nih_pills_224/0002-3229_0_1.jpg,0002-3229,False
data/epillid/dataset/classification_data/segmented_nih_pills_224/63187-017_0_1.jpg,63187-017,False
data/epillid/dataset/classification_data/segmented_nih_pills_224/21695-255_0_0.jpg,21695-255,False
data/epillid/dataset/classification_data/segmented_nih_pills_224/68180-112_0_0.jpg,68180-112,False
data/epillid/dataset/classification_data/segmented_nih_pills_224/64725-0101_0_1.jpg,64725-0101,False
data/epillid/dataset/classification_data/segmented_nih_pills_224/0093-1893_0_1.jpg,0093-1893,False
data/epillid/dataset/classification_data/segmented_nih_pills_224/54868-1223_0_1.jpg,54868-1223,False
data/epillid/dataset/classification_data/segmented_nih_pills_224/0093-8741_0_0.jpg,0093-8741,False
data/epillid/dataset/classification_data/segmented_nih_pills_224/61786-200_0_0.jpg,61786-200,False
data/epillid/dataset/classification_data/segmented_nih_pills_224/60505-0249_0_1.jpg,60505-0249,False
data/epillid/dataset/classification_data/segmented_nih_pills_224/0781-5021_0_0.jpg,0781-5021,False
data/epillid/dataset/classification_data/segmented_nih_pills_224/23155-148_0_1.jpg,23155-148,False
data/epillid/dataset/classification_data/segmented_nih_pills_224/42291-532_0_0.jpg,42291-532,False
data/epillid/dataset/classification_data/segmented_nih_pills_224/0228-2530_0_0.jpg,0228-2530,False
data/epillid/dataset/classification_data/segmented_nih_pills_224/58118-0163_0_1.jpg,58118-0163,False
data/epillid/dataset/classification_data/segmented_nih_pills_224/0615-7831_0_0.jpg,0615-7831,False
data/epillid/dataset/classification_data/segmented_nih_pills_224/65862-603_0_1.jpg,65862-603,False
data/epillid/dataset/classification_data/segmented_nih_pills_224/10544-924_0_1.jpg,10544-924,False
data/epillid/dataset/classification_data/segmented_nih_pills_224/43353-163_0_0.jpg,43353-163,False
data/epillid/dataset/classification_data/segmented_nih_pills_224/60429-208_0_1.jpg,60429-208,False
data/epillid/dataset/classification_data/segmented_nih_pills_224/61786-570_0_1.jpg,61786-570,False
data/epillid/dataset/classification_data/segmented_nih_pills_224/33261-954_0_0.jpg,33261-954,False
data/epillid/dataset/classification_data/segmented_nih_pills_224/55289-014_0_1.jpg,55289-014,False
data/epillid/dataset/classification_data/segmented_nih_pills_224/53746-253_0_1.jpg,53746-253,False
data/epillid/dataset/classification_data/segmented_nih_pills_224/51655-278_0_0.jpg,51655-278,False
data/epillid/dataset/classification_data/segmented_nih_pills_224/10544-049_0_0.jpg,10544-049,False
data/epillid/dataset/classification_data/segmented_nih_pills_224/53808-0747_0_1.jpg,53808-0747,False
data/epillid/dataset/classification_data/segmented_nih_pills_224/68084-602_0_1.jpg,68084-602,False
data/epillid/dataset/classification_data/segmented_nih_pills_224/0093-3196_0_1.jpg,0093-3196,False
data/epillid/dataset/classification_data/segmented_nih_pills_224/54868-0121_0_0.jpg,54868-0121,False
data/epillid/dataset/classification_data/segmented_nih_pills_224/61919-990_0_0.jpg,61919-990,False
data/epillid/dataset/classification_data/segmented_nih_pills_224/0615-7949_0_0.jpg,0615-7949,False
data/epillid/dataset/classification_data/segmented_nih_pills_224/33261-141_0_1.jpg,33261-141,False
data/epillid/dataset/classification_data/segmented_nih_pills_224/16590-217_0_1.jpg,16590-217,False
